Contract,Rate Card,Proejct Title,Job Title,Line Item Type,Qty
Downer - Fusion,Downer - Fusion Rate Card,2ORC-23-FLIP,2ORC-20-00-DJL-007,FB-01-03-01 - Re-entry into a fibre joint enclosure,1
Downer - Fusion,Downer - Fusion Rate Card,2ORC-23-FLIP,2ORC-20-00-DJL-007,FB-01-02-07 - Prepare a loose tube fibre cable sheath greater 12 fibres and up to and including 144 fibres to be connected to fibre joint enclosures,1
Downer - Fusion,Downer - Fusion Rate Card,2ORC-23-FLIP,2ORC-20-00-DJL-007,FB-03-01-01 - Splicing of optic fibre ribbons,
Downer - Fusion,Downer - Fusion Rate Card,2ORC-23-FLIP,2ORC-23-00-DJL-001,FB-01-01-02 - Installation and preparation of a new fibre joint enclosure greater than 12 fibres and up to and including 144 fibres,1
Downer - Fusion,Downer - Fusion Rate Card,2ORC-23-FLIP,2ORC-23-00-DJL-001,FB-03-01-01 - Splicing of optic fibre ribbons,
Downer - Fusion,Downer - Fusion Rate Card,2ORC-23-FLIP,2ORC-23-00-DSS-001,CI-02-01-02O - Installation of a cable sheath greater than 12 fibre and up to and including 144 fibre in Occupied underground duct.,1700
Downer - Fusion,Downer - Fusion Rate Card,2ORC-23-FLIP,2ORC-23-01-BJL-001,FB-01-01-03 - Installation and preparation of a fibre joint enclosure up to and including 12 fibres,1
Downer - Fusion,Downer - Fusion Rate Card,2ORC-23-FLIP,2ORC-23-01-BJL-001,FB-01-04-02 - Installation of splitter within an existing BJL enclosure,1
Downer - Fusion,Downer - Fusion Rate Card,2ORC-23-FLIP,2ORC-23-01-BJL-001,FB-03-01-02 - Splicing of single fibre,
Downer - Fusion,Downer - Fusion Rate Card,2ORC-23-FLIP,2ORC-23-01-BJL-002,FB-01-01-03 - Installation and preparation of a fibre joint enclosure up to and including 12 fibres,1
Downer - Fusion,Downer - Fusion Rate Card,2ORC-23-FLIP,2ORC-23-01-BJL-002,FB-01-04-02 - Installation of splitter within an existing BJL enclosure,1
Downer - Fusion,Downer - Fusion Rate Card,2ORC-23-FLIP,2ORC-23-01-BJL-002,FB-03-01-02 - Splicing of single fibre,
Downer - Fusion,Downer - Fusion Rate Card,2ORC-23-FLIP,2ORC-23-01-BJL-003,FB-01-01-03 - Installation and preparation of a fibre joint enclosure up to and including 12 fibres,1
Downer - Fusion,Downer - Fusion Rate Card,2ORC-23-FLIP,2ORC-23-01-BJL-003,FB-01-04-02 - Installation of splitter within an existing BJL enclosure,1
Downer - Fusion,Downer - Fusion Rate Card,2ORC-23-FLIP,2ORC-23-01-BJL-003,FB-03-01-02 - Splicing of single fibre,
Downer - Fusion,Downer - Fusion Rate Card,2ORC-23-FLIP,2ORC-23-01-BJL-004,FB-01-01-03 - Installation and preparation of a fibre joint enclosure up to and including 12 fibres,1
Downer - Fusion,Downer - Fusion Rate Card,2ORC-23-FLIP,2ORC-23-01-BJL-004,FB-01-04-02 - Installation of splitter within an existing BJL enclosure,1
Downer - Fusion,Downer - Fusion Rate Card,2ORC-23-FLIP,2ORC-23-01-BJL-004,FB-03-01-02 - Splicing of single fibre,
Downer - Fusion,Downer - Fusion Rate Card,2ORC-23-FLIP,2ORC-23-01-BJL-005,FB-01-01-03 - Installation and preparation of a fibre joint enclosure up to and including 12 fibres,1
Downer - Fusion,Downer - Fusion Rate Card,2ORC-23-FLIP,2ORC-23-01-BJL-005,FB-01-04-02 - Installation of splitter within an existing BJL enclosure,1
Downer - Fusion,Downer - Fusion Rate Card,2ORC-23-FLIP,2ORC-23-01-BJL-005,FB-03-01-02 - Splicing of single fibre,
Downer - Fusion,Downer - Fusion Rate Card,2ORC-23-FLIP,2ORC-23-01-BJL-006,FB-01-01-03 - Installation and preparation of a fibre joint enclosure up to and including 12 fibres,1
Downer - Fusion,Downer - Fusion Rate Card,2ORC-23-FLIP,2ORC-23-01-BJL-006,FB-01-04-02 - Installation of splitter within an existing BJL enclosure,1
Downer - Fusion,Downer - Fusion Rate Card,2ORC-23-FLIP,2ORC-23-01-BJL-006,FB-03-01-02 - Splicing of single fibre,
Downer - Fusion,Downer - Fusion Rate Card,2ORC-23-FLIP,2ORC-23-01-BJL-007,FB-01-01-03 - Installation and preparation of a fibre joint enclosure up to and including 12 fibres,1
Downer - Fusion,Downer - Fusion Rate Card,2ORC-23-FLIP,2ORC-23-01-BJL-007,FB-01-04-02 - Installation of splitter within an existing BJL enclosure,1
Downer - Fusion,Downer - Fusion Rate Card,2ORC-23-FLIP,2ORC-23-01-BJL-007,FB-03-01-02 - Splicing of single fibre,
Downer - Fusion,Downer - Fusion Rate Card,2ORC-23-FLIP,2ORC-23-01-BJL-008,FB-01-01-03 - Installation and preparation of a fibre joint enclosure up to and including 12 fibres,1
Downer - Fusion,Downer - Fusion Rate Card,2ORC-23-FLIP,2ORC-23-01-BJL-008,FB-01-04-02 - Installation of splitter within an existing BJL enclosure,1
Downer - Fusion,Downer - Fusion Rate Card,2ORC-23-FLIP,2ORC-23-01-BJL-008,FB-03-01-02 - Splicing of single fibre,
Downer - Fusion,Downer - Fusion Rate Card,2ORC-23-FLIP,2ORC-23-01-BJL-009,FB-01-01-03 - Installation and preparation of a fibre joint enclosure up to and including 12 fibres,1
Downer - Fusion,Downer - Fusion Rate Card,2ORC-23-FLIP,2ORC-23-01-BJL-009,FB-01-04-02 - Installation of splitter within an existing BJL enclosure,1
Downer - Fusion,Downer - Fusion Rate Card,2ORC-23-FLIP,2ORC-23-01-BJL-009,FB-03-01-02 - Splicing of single fibre,
Downer - Fusion,Downer - Fusion Rate Card,2ORC-23-FLIP,2ORC-23-01-BJL-010,FB-01-01-03 - Installation and preparation of a fibre joint enclosure up to and including 12 fibres,1
Downer - Fusion,Downer - Fusion Rate Card,2ORC-23-FLIP,2ORC-23-01-BJL-010,FB-01-04-02 - Installation of splitter within an existing BJL enclosure,1
Downer - Fusion,Downer - Fusion Rate Card,2ORC-23-FLIP,2ORC-23-01-BJL-010,FB-03-01-02 - Splicing of single fibre,
Downer - Fusion,Downer - Fusion Rate Card,2ORC-23-FLIP,2ORC-23-01-BJL-011,FB-01-01-03 - Installation and preparation of a fibre joint enclosure up to and including 12 fibres,1
Downer - Fusion,Downer - Fusion Rate Card,2ORC-23-FLIP,2ORC-23-01-BJL-011,FB-01-04-02 - Installation of splitter within an existing BJL enclosure,1
Downer - Fusion,Downer - Fusion Rate Card,2ORC-23-FLIP,2ORC-23-01-BJL-011,FB-03-01-02 - Splicing of single fibre,
Downer - Fusion,Downer - Fusion Rate Card,2ORC-23-FLIP,2ORC-23-01-BJL-012,FB-01-01-03 - Installation and preparation of a fibre joint enclosure up to and including 12 fibres,1
Downer - Fusion,Downer - Fusion Rate Card,2ORC-23-FLIP,2ORC-23-01-BJL-012,FB-01-04-02 - Installation of splitter within an existing BJL enclosure,1
Downer - Fusion,Downer - Fusion Rate Card,2ORC-23-FLIP,2ORC-23-01-BJL-012,FB-03-01-02 - Splicing of single fibre,
Downer - Fusion,Downer - Fusion Rate Card,2ORC-23-FLIP,2ORC-23-01-BJL-013,FB-01-01-03 - Installation and preparation of a fibre joint enclosure up to and including 12 fibres,1
Downer - Fusion,Downer - Fusion Rate Card,2ORC-23-FLIP,2ORC-23-01-BJL-013,FB-01-04-02 - Installation of splitter within an existing BJL enclosure,1
Downer - Fusion,Downer - Fusion Rate Card,2ORC-23-FLIP,2ORC-23-01-BJL-013,FB-03-01-02 - Splicing of single fibre,
Downer - Fusion,Downer - Fusion Rate Card,2ORC-23-FLIP,2ORC-23-01-CDS-002,FC-03-01-01 - Existing copper drop sheath validation,1
Downer - Fusion,Downer - Fusion Rate Card,2ORC-23-FLIP,2ORC-23-01-CDS-003,FC-03-01-01 - Existing copper drop sheath validation,1
Downer - Fusion,Downer - Fusion Rate Card,2ORC-23-FLIP,2ORC-23-01-CDS-004,FC-03-01-01 - Existing copper drop sheath validation,1
Downer - Fusion,Downer - Fusion Rate Card,2ORC-23-FLIP,2ORC-23-01-CDS-005,FC-03-01-01 - Existing copper drop sheath validation,1
Downer - Fusion,Downer - Fusion Rate Card,2ORC-23-FLIP,2ORC-23-01-CDS-006,FC-03-01-01 - Existing copper drop sheath validation,1
Downer - Fusion,Downer - Fusion Rate Card,2ORC-23-FLIP,2ORC-23-01-CDS-007,FC-03-01-01 - Existing copper drop sheath validation,1
Downer - Fusion,Downer - Fusion Rate Card,2ORC-23-FLIP,2ORC-23-01-CDS-008,FC-03-01-01 - Existing copper drop sheath validation,1
Downer - Fusion,Downer - Fusion Rate Card,2ORC-23-FLIP,2ORC-23-01-CDS-009,FC-03-01-01 - Existing copper drop sheath validation,1
Downer - Fusion,Downer - Fusion Rate Card,2ORC-23-FLIP,2ORC-23-01-CDS-010,FC-03-01-01 - Existing copper drop sheath validation,1
Downer - Fusion,Downer - Fusion Rate Card,2ORC-23-FLIP,2ORC-23-01-CDS-011,FC-03-01-01 - Existing copper drop sheath validation,1
Downer - Fusion,Downer - Fusion Rate Card,2ORC-23-FLIP,2ORC-23-01-CDS-012,FC-03-01-01 - Existing copper drop sheath validation,1
Downer - Fusion,Downer - Fusion Rate Card,2ORC-23-FLIP,2ORC-23-01-CDS-013,FC-03-01-01 - Existing copper drop sheath validation,1
Downer - Fusion,Downer - Fusion Rate Card,2ORC-23-FLIP,2ORC-23-01-CDS-014,FC-03-01-01 - Existing copper drop sheath validation,1
Downer - Fusion,Downer - Fusion Rate Card,2ORC-23-FLIP,2ORC-23-01-CDS-015,FC-03-01-01 - Existing copper drop sheath validation,1
Downer - Fusion,Downer - Fusion Rate Card,2ORC-23-FLIP,2ORC-23-01-CDS-016,FC-03-01-01 - Existing copper drop sheath validation,1
Downer - Fusion,Downer - Fusion Rate Card,2ORC-23-FLIP,2ORC-23-01-CDS-017,FC-03-01-01 - Existing copper drop sheath validation,1
Downer - Fusion,Downer - Fusion Rate Card,2ORC-23-FLIP,2ORC-23-01-CDS-018,FC-03-01-01 - Existing copper drop sheath validation,1
Downer - Fusion,Downer - Fusion Rate Card,2ORC-23-FLIP,2ORC-23-01-CDS-019,FC-03-01-01 - Existing copper drop sheath validation,1
Downer - Fusion,Downer - Fusion Rate Card,2ORC-23-FLIP,2ORC-23-01-CDS-020,FC-03-01-01 - Existing copper drop sheath validation,1
Downer - Fusion,Downer - Fusion Rate Card,2ORC-23-FLIP,2ORC-23-01-CDS-021,FC-03-01-01 - Existing copper drop sheath validation,1
Downer - Fusion,Downer - Fusion Rate Card,2ORC-23-FLIP,2ORC-23-01-CDS-022,FC-03-01-01 - Existing copper drop sheath validation,1
Downer - Fusion,Downer - Fusion Rate Card,2ORC-23-FLIP,2ORC-23-01-CDS-023,FC-03-01-01 - Existing copper drop sheath validation,1
Downer - Fusion,Downer - Fusion Rate Card,2ORC-23-FLIP,2ORC-23-01-CDS-024,FC-03-01-01 - Existing copper drop sheath validation,1
Downer - Fusion,Downer - Fusion Rate Card,2ORC-23-FLIP,2ORC-23-01-CDS-025,FC-03-01-01 - Existing copper drop sheath validation,1
Downer - Fusion,Downer - Fusion Rate Card,2ORC-23-FLIP,2ORC-23-01-CDS-026,FC-03-01-01 - Existing copper drop sheath validation,1
Downer - Fusion,Downer - Fusion Rate Card,2ORC-23-FLIP,2ORC-23-01-CDS-027,FC-03-01-01 - Existing copper drop sheath validation,1
Downer - Fusion,Downer - Fusion Rate Card,2ORC-23-FLIP,2ORC-23-01-CDS-028,FC-03-01-01 - Existing copper drop sheath validation,1
Downer - Fusion,Downer - Fusion Rate Card,2ORC-23-FLIP,2ORC-23-01-CDS-029,FC-03-01-01 - Existing copper drop sheath validation,1
Downer - Fusion,Downer - Fusion Rate Card,2ORC-23-FLIP,2ORC-23-01-CDS-030,FC-03-01-01 - Existing copper drop sheath validation,1
Downer - Fusion,Downer - Fusion Rate Card,2ORC-23-FLIP,2ORC-23-01-CDS-031,FC-03-01-01 - Existing copper drop sheath validation,1
Downer - Fusion,Downer - Fusion Rate Card,2ORC-23-FLIP,2ORC-23-01-CDS-032,FC-03-01-01 - Existing copper drop sheath validation,1
Downer - Fusion,Downer - Fusion Rate Card,2ORC-23-FLIP,2ORC-23-01-CDS-033,FC-03-01-01 - Existing copper drop sheath validation,1
Downer - Fusion,Downer - Fusion Rate Card,2ORC-23-FLIP,2ORC-23-01-CDS-034,FC-03-01-01 - Existing copper drop sheath validation,1
Downer - Fusion,Downer - Fusion Rate Card,2ORC-23-FLIP,2ORC-23-01-CDS-035,FC-03-01-01 - Existing copper drop sheath validation,1
Downer - Fusion,Downer - Fusion Rate Card,2ORC-23-FLIP,2ORC-23-01-CDS-036,FC-03-01-01 - Existing copper drop sheath validation,1
Downer - Fusion,Downer - Fusion Rate Card,2ORC-23-FLIP,2ORC-23-01-CDS-037,FC-03-01-01 - Existing copper drop sheath validation,1
Downer - Fusion,Downer - Fusion Rate Card,2ORC-23-FLIP,2ORC-23-01-CDS-038,FC-03-01-01 - Existing copper drop sheath validation,1
Downer - Fusion,Downer - Fusion Rate Card,2ORC-23-FLIP,2ORC-23-01-CDS-039,FC-03-01-01 - Existing copper drop sheath validation,1
Downer - Fusion,Downer - Fusion Rate Card,2ORC-23-FLIP,2ORC-23-01-CDS-040,FC-03-01-01 - Existing copper drop sheath validation,1
Downer - Fusion,Downer - Fusion Rate Card,2ORC-23-FLIP,2ORC-23-01-CDS-041,FC-03-01-01 - Existing copper drop sheath validation,1
Downer - Fusion,Downer - Fusion Rate Card,2ORC-23-FLIP,2ORC-23-01-CDS-042,FC-03-01-01 - Existing copper drop sheath validation,1
Downer - Fusion,Downer - Fusion Rate Card,2ORC-23-FLIP,2ORC-23-01-CDS-043,FC-03-01-01 - Existing copper drop sheath validation,1
Downer - Fusion,Downer - Fusion Rate Card,2ORC-23-FLIP,2ORC-23-01-CDS-044,FC-03-01-01 - Existing copper drop sheath validation,1
Downer - Fusion,Downer - Fusion Rate Card,2ORC-23-FLIP,2ORC-23-01-CDS-045,FC-03-01-01 - Existing copper drop sheath validation,1
Downer - Fusion,Downer - Fusion Rate Card,2ORC-23-FLIP,2ORC-23-01-CDS-046,FC-03-01-01 - Existing copper drop sheath validation,1
Downer - Fusion,Downer - Fusion Rate Card,2ORC-23-FLIP,2ORC-23-01-CDS-047,FC-03-01-01 - Existing copper drop sheath validation,1
Downer - Fusion,Downer - Fusion Rate Card,2ORC-23-FLIP,2ORC-23-01-CDS-048,FC-03-01-01 - Existing copper drop sheath validation,1
Downer - Fusion,Downer - Fusion Rate Card,2ORC-23-FLIP,2ORC-23-01-CDS-049,FC-03-01-01 - Existing copper drop sheath validation,1
Downer - Fusion,Downer - Fusion Rate Card,2ORC-23-FLIP,2ORC-23-01-CDS-050,FC-03-01-01 - Existing copper drop sheath validation,1
Downer - Fusion,Downer - Fusion Rate Card,2ORC-23-FLIP,2ORC-23-01-CDS-051,FC-03-01-01 - Existing copper drop sheath validation,1
Downer - Fusion,Downer - Fusion Rate Card,2ORC-23-FLIP,2ORC-23-01-CDS-052,FC-03-01-01 - Existing copper drop sheath validation,1
Downer - Fusion,Downer - Fusion Rate Card,2ORC-23-FLIP,2ORC-23-01-CDS-055,FC-03-01-01 - Existing copper drop sheath validation,1
Downer - Fusion,Downer - Fusion Rate Card,2ORC-23-FLIP,2ORC-23-01-CDS-056,FC-03-01-01 - Existing copper drop sheath validation,1
Downer - Fusion,Downer - Fusion Rate Card,2ORC-23-FLIP,2ORC-23-01-CDS-057,FC-03-01-01 - Existing copper drop sheath validation,1
Downer - Fusion,Downer - Fusion Rate Card,2ORC-23-FLIP,2ORC-23-01-CDS-058,FC-03-01-01 - Existing copper drop sheath validation,1
Downer - Fusion,Downer - Fusion Rate Card,2ORC-23-FLIP,2ORC-23-01-CDS-059,FC-03-01-01 - Existing copper drop sheath validation,1
Downer - Fusion,Downer - Fusion Rate Card,2ORC-23-FLIP,2ORC-23-01-CDS-060,FC-03-01-01 - Existing copper drop sheath validation,1
Downer - Fusion,Downer - Fusion Rate Card,2ORC-23-FLIP,2ORC-23-01-CDS-061,FC-03-01-01 - Existing copper drop sheath validation,1
Downer - Fusion,Downer - Fusion Rate Card,2ORC-23-FLIP,2ORC-23-01-CDS-062,FC-03-01-01 - Existing copper drop sheath validation,1
Downer - Fusion,Downer - Fusion Rate Card,2ORC-23-FLIP,2ORC-23-01-CDS-063,FC-03-01-01 - Existing copper drop sheath validation,1
Downer - Fusion,Downer - Fusion Rate Card,2ORC-23-FLIP,2ORC-23-01-CDS-064,FC-03-01-01 - Existing copper drop sheath validation,1
Downer - Fusion,Downer - Fusion Rate Card,2ORC-23-FLIP,2ORC-23-01-CDS-065,FC-03-01-01 - Existing copper drop sheath validation,1
Downer - Fusion,Downer - Fusion Rate Card,2ORC-23-FLIP,2ORC-23-01-CIU-001,FC-02-01-03 - Jointing of copper drop sheath to DPU copper lead using a copper interconnect unit,1
Downer - Fusion,Downer - Fusion Rate Card,2ORC-23-FLIP,2ORC-23-01-CIU-004,FC-02-01-03 - Jointing of copper drop sheath to DPU copper lead using a copper interconnect unit,1
Downer - Fusion,Downer - Fusion Rate Card,2ORC-23-FLIP,2ORC-23-01-CIU-008,FC-02-01-03 - Jointing of copper drop sheath to DPU copper lead using a copper interconnect unit,1
Downer - Fusion,Downer - Fusion Rate Card,2ORC-23-FLIP,2ORC-23-01-CIU-009,FC-02-01-03 - Jointing of copper drop sheath to DPU copper lead using a copper interconnect unit,1
Downer - Fusion,Downer - Fusion Rate Card,2ORC-23-FLIP,2ORC-23-01-CIU-011,FC-02-01-03 - Jointing of copper drop sheath to DPU copper lead using a copper interconnect unit,1
Downer - Fusion,Downer - Fusion Rate Card,2ORC-23-FLIP,2ORC-23-01-CIU-012,FC-02-01-03 - Jointing of copper drop sheath to DPU copper lead using a copper interconnect unit,1
Downer - Fusion,Downer - Fusion Rate Card,2ORC-23-FLIP,2ORC-23-01-CIU-013,FC-02-01-03 - Jointing of copper drop sheath to DPU copper lead using a copper interconnect unit,1
Downer - Fusion,Downer - Fusion Rate Card,2ORC-23-FLIP,2ORC-23-01-CIU-014,FC-02-01-03 - Jointing of copper drop sheath to DPU copper lead using a copper interconnect unit,1
Downer - Fusion,Downer - Fusion Rate Card,2ORC-23-FLIP,2ORC-23-01-CIU-016,FC-02-01-03 - Jointing of copper drop sheath to DPU copper lead using a copper interconnect unit,1
Downer - Fusion,Downer - Fusion Rate Card,2ORC-23-FLIP,2ORC-23-01-CIU-017,FC-02-01-03 - Jointing of copper drop sheath to DPU copper lead using a copper interconnect unit,1
Downer - Fusion,Downer - Fusion Rate Card,2ORC-23-FLIP,2ORC-23-01-CIU-018,FC-02-01-03 - Jointing of copper drop sheath to DPU copper lead using a copper interconnect unit,1
Downer - Fusion,Downer - Fusion Rate Card,2ORC-23-FLIP,2ORC-23-01-CIU-019,FC-02-01-03 - Jointing of copper drop sheath to DPU copper lead using a copper interconnect unit,1
Downer - Fusion,Downer - Fusion Rate Card,2ORC-23-FLIP,2ORC-23-01-CIU-020,FC-02-01-03 - Jointing of copper drop sheath to DPU copper lead using a copper interconnect unit,1
Downer - Fusion,Downer - Fusion Rate Card,2ORC-23-FLIP,2ORC-23-01-CIU-024,FC-02-01-03 - Jointing of copper drop sheath to DPU copper lead using a copper interconnect unit,1
Downer - Fusion,Downer - Fusion Rate Card,2ORC-23-FLIP,2ORC-23-01-CIU-026,FC-02-01-03 - Jointing of copper drop sheath to DPU copper lead using a copper interconnect unit,1
Downer - Fusion,Downer - Fusion Rate Card,2ORC-23-FLIP,2ORC-23-01-CIU-030,FC-02-01-03 - Jointing of copper drop sheath to DPU copper lead using a copper interconnect unit,1
Downer - Fusion,Downer - Fusion Rate Card,2ORC-23-FLIP,2ORC-23-01-CIU-034,FC-02-01-03 - Jointing of copper drop sheath to DPU copper lead using a copper interconnect unit,1
Downer - Fusion,Downer - Fusion Rate Card,2ORC-23-FLIP,2ORC-23-01-CIU-035,FC-02-01-03 - Jointing of copper drop sheath to DPU copper lead using a copper interconnect unit,1
Downer - Fusion,Downer - Fusion Rate Card,2ORC-23-FLIP,2ORC-23-01-CIU-036,FC-02-01-03 - Jointing of copper drop sheath to DPU copper lead using a copper interconnect unit,1
Downer - Fusion,Downer - Fusion Rate Card,2ORC-23-FLIP,2ORC-23-01-CIU-037,FC-02-01-03 - Jointing of copper drop sheath to DPU copper lead using a copper interconnect unit,1
Downer - Fusion,Downer - Fusion Rate Card,2ORC-23-FLIP,2ORC-23-01-CIU-038,FC-02-01-03 - Jointing of copper drop sheath to DPU copper lead using a copper interconnect unit,1
Downer - Fusion,Downer - Fusion Rate Card,2ORC-23-FLIP,2ORC-23-01-CIU-039,FC-02-01-03 - Jointing of copper drop sheath to DPU copper lead using a copper interconnect unit,1
Downer - Fusion,Downer - Fusion Rate Card,2ORC-23-FLIP,2ORC-23-01-CIU-042,FC-02-01-03 - Jointing of copper drop sheath to DPU copper lead using a copper interconnect unit,1
Downer - Fusion,Downer - Fusion Rate Card,2ORC-23-FLIP,2ORC-23-01-CIU-046,FC-02-01-03 - Jointing of copper drop sheath to DPU copper lead using a copper interconnect unit,1
Downer - Fusion,Downer - Fusion Rate Card,2ORC-23-FLIP,2ORC-23-01-CIU-050,FC-02-01-03 - Jointing of copper drop sheath to DPU copper lead using a copper interconnect unit,1
Downer - Fusion,Downer - Fusion Rate Card,2ORC-23-FLIP,2ORC-23-01-CIU-054,FC-02-01-03 - Jointing of copper drop sheath to DPU copper lead using a copper interconnect unit,1
Downer - Fusion,Downer - Fusion Rate Card,2ORC-23-FLIP,2ORC-23-01-CIU-058,FC-02-01-03 - Jointing of copper drop sheath to DPU copper lead using a copper interconnect unit,1
Downer - Fusion,Downer - Fusion Rate Card,2ORC-23-FLIP,2ORC-23-01-CIU-062,FC-02-01-03 - Jointing of copper drop sheath to DPU copper lead using a copper interconnect unit,1
Downer - Fusion,Downer - Fusion Rate Card,2ORC-23-FLIP,2ORC-23-01-CIU-063,FC-02-01-03 - Jointing of copper drop sheath to DPU copper lead using a copper interconnect unit,1
Downer - Fusion,Downer - Fusion Rate Card,2ORC-23-FLIP,2ORC-23-01-CIU-066,FC-02-01-03 - Jointing of copper drop sheath to DPU copper lead using a copper interconnect unit,1
Downer - Fusion,Downer - Fusion Rate Card,2ORC-23-FLIP,2ORC-23-01-CIU-067,FC-02-01-03 - Jointing of copper drop sheath to DPU copper lead using a copper interconnect unit,1
Downer - Fusion,Downer - Fusion Rate Card,2ORC-23-FLIP,2ORC-23-01-CIU-068,FC-02-01-03 - Jointing of copper drop sheath to DPU copper lead using a copper interconnect unit,1
Downer - Fusion,Downer - Fusion Rate Card,2ORC-23-FLIP,2ORC-23-01-CIU-069,FC-02-01-03 - Jointing of copper drop sheath to DPU copper lead using a copper interconnect unit,1
Downer - Fusion,Downer - Fusion Rate Card,2ORC-23-FLIP,2ORC-23-01-CIU-070,FC-02-01-03 - Jointing of copper drop sheath to DPU copper lead using a copper interconnect unit,1
Downer - Fusion,Downer - Fusion Rate Card,2ORC-23-FLIP,2ORC-23-01-CIU-071,FC-02-01-03 - Jointing of copper drop sheath to DPU copper lead using a copper interconnect unit,1
Downer - Fusion,Downer - Fusion Rate Card,2ORC-23-FLIP,2ORC-23-01-CIU-074,FC-02-01-03 - Jointing of copper drop sheath to DPU copper lead using a copper interconnect unit,1
Downer - Fusion,Downer - Fusion Rate Card,2ORC-23-FLIP,2ORC-23-01-CIU-079,FC-02-01-03 - Jointing of copper drop sheath to DPU copper lead using a copper interconnect unit,1
Downer - Fusion,Downer - Fusion Rate Card,2ORC-23-FLIP,2ORC-23-01-CIU-083,FC-02-01-03 - Jointing of copper drop sheath to DPU copper lead using a copper interconnect unit,1
Downer - Fusion,Downer - Fusion Rate Card,2ORC-23-FLIP,2ORC-23-01-CIU-087,FC-02-01-03 - Jointing of copper drop sheath to DPU copper lead using a copper interconnect unit,1
Downer - Fusion,Downer - Fusion Rate Card,2ORC-23-FLIP,2ORC-23-01-CIU-091,FC-02-01-03 - Jointing of copper drop sheath to DPU copper lead using a copper interconnect unit,1
Downer - Fusion,Downer - Fusion Rate Card,2ORC-23-FLIP,2ORC-23-01-CIU-095,FC-02-01-03 - Jointing of copper drop sheath to DPU copper lead using a copper interconnect unit,1
Downer - Fusion,Downer - Fusion Rate Card,2ORC-23-FLIP,2ORC-23-01-CIU-099,FC-02-01-03 - Jointing of copper drop sheath to DPU copper lead using a copper interconnect unit,1
Downer - Fusion,Downer - Fusion Rate Card,2ORC-23-FLIP,2ORC-23-01-CIU-103,FC-02-01-03 - Jointing of copper drop sheath to DPU copper lead using a copper interconnect unit,1
Downer - Fusion,Downer - Fusion Rate Card,2ORC-23-FLIP,2ORC-23-01-CIU-107,FC-02-01-03 - Jointing of copper drop sheath to DPU copper lead using a copper interconnect unit,1
Downer - Fusion,Downer - Fusion Rate Card,2ORC-23-FLIP,2ORC-23-01-CIU-111,FC-02-01-03 - Jointing of copper drop sheath to DPU copper lead using a copper interconnect unit,1
Downer - Fusion,Downer - Fusion Rate Card,2ORC-23-FLIP,2ORC-23-01-CIU-115,FC-02-01-03 - Jointing of copper drop sheath to DPU copper lead using a copper interconnect unit,1
Downer - Fusion,Downer - Fusion Rate Card,2ORC-23-FLIP,2ORC-23-01-CIU-119,FC-02-01-03 - Jointing of copper drop sheath to DPU copper lead using a copper interconnect unit,1
Downer - Fusion,Downer - Fusion Rate Card,2ORC-23-FLIP,2ORC-23-01-CIU-123,FC-02-01-03 - Jointing of copper drop sheath to DPU copper lead using a copper interconnect unit,1
Downer - Fusion,Downer - Fusion Rate Card,2ORC-23-FLIP,2ORC-23-01-CIU-127,FC-02-01-03 - Jointing of copper drop sheath to DPU copper lead using a copper interconnect unit,1
Downer - Fusion,Downer - Fusion Rate Card,2ORC-23-FLIP,2ORC-23-01-CIU-131,FC-02-01-03 - Jointing of copper drop sheath to DPU copper lead using a copper interconnect unit,1
Downer - Fusion,Downer - Fusion Rate Card,2ORC-23-FLIP,2ORC-23-01-CIU-135,FC-02-01-03 - Jointing of copper drop sheath to DPU copper lead using a copper interconnect unit,1
Downer - Fusion,Downer - Fusion Rate Card,2ORC-23-FLIP,2ORC-23-01-CIU-139,FC-02-01-03 - Jointing of copper drop sheath to DPU copper lead using a copper interconnect unit,1
Downer - Fusion,Downer - Fusion Rate Card,2ORC-23-FLIP,2ORC-23-01-CIU-143,FC-02-01-03 - Jointing of copper drop sheath to DPU copper lead using a copper interconnect unit,1
Downer - Fusion,Downer - Fusion Rate Card,2ORC-23-FLIP,2ORC-23-01-CIU-144,FC-02-01-03 - Jointing of copper drop sheath to DPU copper lead using a copper interconnect unit,1
Downer - Fusion,Downer - Fusion Rate Card,2ORC-23-FLIP,2ORC-23-01-DCL-013,FC-02-01-07 - Supply and installation of a DPU copper lead extension from DPU copper lead to a non-aerial copper interconnect unit,1
Downer - Fusion,Downer - Fusion Rate Card,2ORC-23-FLIP,2ORC-23-01-DCL-022,FC-02-01-07 - Supply and installation of a DPU copper lead extension from DPU copper lead to a non-aerial copper interconnect unit,1
Downer - Fusion,Downer - Fusion Rate Card,2ORC-23-FLIP,2ORC-23-01-DCL-023,FC-02-01-07 - Supply and installation of a DPU copper lead extension from DPU copper lead to a non-aerial copper interconnect unit,1
Downer - Fusion,Downer - Fusion Rate Card,2ORC-23-FLIP,2ORC-23-01-DCL-024,FC-02-01-07 - Supply and installation of a DPU copper lead extension from DPU copper lead to a non-aerial copper interconnect unit,1
Downer - Fusion,Downer - Fusion Rate Card,2ORC-23-FLIP,2ORC-23-01-DCL-025,FC-02-01-07 - Supply and installation of a DPU copper lead extension from DPU copper lead to a non-aerial copper interconnect unit,1
Downer - Fusion,Downer - Fusion Rate Card,2ORC-23-FLIP,2ORC-23-01-DCL-034,FC-02-01-07 - Supply and installation of a DPU copper lead extension from DPU copper lead to a non-aerial copper interconnect unit,1
Downer - Fusion,Downer - Fusion Rate Card,2ORC-23-FLIP,2ORC-23-01-DCL-043,FC-02-01-07 - Supply and installation of a DPU copper lead extension from DPU copper lead to a non-aerial copper interconnect unit,1
Downer - Fusion,Downer - Fusion Rate Card,2ORC-23-FLIP,2ORC-23-01-DCL-048,FC-02-01-07 - Supply and installation of a DPU copper lead extension from DPU copper lead to a non-aerial copper interconnect unit,1
Downer - Fusion,Downer - Fusion Rate Card,2ORC-23-FLIP,2ORC-23-01-DCL-049,FC-02-01-07 - Supply and installation of a DPU copper lead extension from DPU copper lead to a non-aerial copper interconnect unit,1
Downer - Fusion,Downer - Fusion Rate Card,2ORC-23-FLIP,2ORC-23-01-DCL-092,FC-02-01-07 - Supply and installation of a DPU copper lead extension from DPU copper lead to a non-aerial copper interconnect unit,1
Downer - Fusion,Downer - Fusion Rate Card,2ORC-23-FLIP,2ORC-23-01-DCL-097,FC-02-01-07 - Supply and installation of a DPU copper lead extension from DPU copper lead to a non-aerial copper interconnect unit,1
Downer - Fusion,Downer - Fusion Rate Card,2ORC-23-FLIP,2ORC-23-01-DCL-098,FC-02-01-07 - Supply and installation of a DPU copper lead extension from DPU copper lead to a non-aerial copper interconnect unit,1
Downer - Fusion,Downer - Fusion Rate Card,2ORC-23-FLIP,2ORC-23-01-DCL-099,FC-02-01-07 - Supply and installation of a DPU copper lead extension from DPU copper lead to a non-aerial copper interconnect unit,1
Downer - Fusion,Downer - Fusion Rate Card,2ORC-23-FLIP,2ORC-23-01-DCL-171,FC-02-01-07 - Supply and installation of a DPU copper lead extension from DPU copper lead to a non-aerial copper interconnect unit,1
Downer - Fusion,Downer - Fusion Rate Card,2ORC-23-FLIP,2ORC-23-01-DCL-175,FC-02-01-07 - Supply and installation of a DPU copper lead extension from DPU copper lead to a non-aerial copper interconnect unit,1
Downer - Fusion,Downer - Fusion Rate Card,2ORC-23-FLIP,2ORC-23-01-DCL-176,FC-02-01-07 - Supply and installation of a DPU copper lead extension from DPU copper lead to a non-aerial copper interconnect unit,1
Downer - Fusion,Downer - Fusion Rate Card,2ORC-23-FLIP,2ORC-23-01-DCL-177,FC-02-01-07 - Supply and installation of a DPU copper lead extension from DPU copper lead to a non-aerial copper interconnect unit,1
Downer - Fusion,Downer - Fusion Rate Card,2ORC-23-FLIP,2ORC-23-01-DPU-001,FC-01-01-01 - Installation and commissioning of a non-aerial DPU terminal device,1
Downer - Fusion,Downer - Fusion Rate Card,2ORC-23-FLIP,2ORC-23-01-DPU-002,FC-01-01-01 - Installation and commissioning of a non-aerial DPU terminal device,1
Downer - Fusion,Downer - Fusion Rate Card,2ORC-23-FLIP,2ORC-23-01-DPU-003,FC-01-01-01 - Installation and commissioning of a non-aerial DPU terminal device,1
Downer - Fusion,Downer - Fusion Rate Card,2ORC-23-FLIP,2ORC-23-01-DPU-004,FC-01-01-01 - Installation and commissioning of a non-aerial DPU terminal device,1
Downer - Fusion,Downer - Fusion Rate Card,2ORC-23-FLIP,2ORC-23-01-DPU-005,FC-01-01-01 - Installation and commissioning of a non-aerial DPU terminal device,1
Downer - Fusion,Downer - Fusion Rate Card,2ORC-23-FLIP,2ORC-23-01-DPU-006,FC-01-01-01 - Installation and commissioning of a non-aerial DPU terminal device,1
Downer - Fusion,Downer - Fusion Rate Card,2ORC-23-FLIP,2ORC-23-01-DPU-007,FC-01-01-01 - Installation and commissioning of a non-aerial DPU terminal device,1
Downer - Fusion,Downer - Fusion Rate Card,2ORC-23-FLIP,2ORC-23-01-DPU-008,FC-01-01-01 - Installation and commissioning of a non-aerial DPU terminal device,1
Downer - Fusion,Downer - Fusion Rate Card,2ORC-23-FLIP,2ORC-23-01-DPU-009,FC-01-01-01 - Installation and commissioning of a non-aerial DPU terminal device,1
Downer - Fusion,Downer - Fusion Rate Card,2ORC-23-FLIP,2ORC-23-01-DPU-010,FC-01-01-01 - Installation and commissioning of a non-aerial DPU terminal device,1
Downer - Fusion,Downer - Fusion Rate Card,2ORC-23-FLIP,2ORC-23-01-DPU-011,FC-01-01-01 - Installation and commissioning of a non-aerial DPU terminal device,1
Downer - Fusion,Downer - Fusion Rate Card,2ORC-23-FLIP,2ORC-23-01-DPU-012,FC-01-01-01 - Installation and commissioning of a non-aerial DPU terminal device,1
Downer - Fusion,Downer - Fusion Rate Card,2ORC-23-FLIP,2ORC-23-01-DPU-013,FC-01-01-01 - Installation and commissioning of a non-aerial DPU terminal device,1
Downer - Fusion,Downer - Fusion Rate Card,2ORC-23-FLIP,2ORC-23-01-DPU-014,FC-01-01-01 - Installation and commissioning of a non-aerial DPU terminal device,1
Downer - Fusion,Downer - Fusion Rate Card,2ORC-23-FLIP,2ORC-23-01-DPU-015,FC-01-01-01 - Installation and commissioning of a non-aerial DPU terminal device,1
Downer - Fusion,Downer - Fusion Rate Card,2ORC-23-FLIP,2ORC-23-01-DPU-016,FC-01-01-01 - Installation and commissioning of a non-aerial DPU terminal device,1
Downer - Fusion,Downer - Fusion Rate Card,2ORC-23-FLIP,2ORC-23-01-DPU-017,FC-01-01-01 - Installation and commissioning of a non-aerial DPU terminal device,1
Downer - Fusion,Downer - Fusion Rate Card,2ORC-23-FLIP,2ORC-23-01-DPU-018,FC-01-01-01 - Installation and commissioning of a non-aerial DPU terminal device,1
Downer - Fusion,Downer - Fusion Rate Card,2ORC-23-FLIP,2ORC-23-01-DPU-019,FC-01-01-01 - Installation and commissioning of a non-aerial DPU terminal device,1
Downer - Fusion,Downer - Fusion Rate Card,2ORC-23-FLIP,2ORC-23-01-DPU-020,FC-01-01-01 - Installation and commissioning of a non-aerial DPU terminal device,1
Downer - Fusion,Downer - Fusion Rate Card,2ORC-23-FLIP,2ORC-23-01-DPU-021,FC-01-01-01 - Installation and commissioning of a non-aerial DPU terminal device,1
Downer - Fusion,Downer - Fusion Rate Card,2ORC-23-FLIP,2ORC-23-01-DPU-022,FC-01-01-01 - Installation and commissioning of a non-aerial DPU terminal device,1
Downer - Fusion,Downer - Fusion Rate Card,2ORC-23-FLIP,2ORC-23-01-DPU-023,FC-01-01-01 - Installation and commissioning of a non-aerial DPU terminal device,1
Downer - Fusion,Downer - Fusion Rate Card,2ORC-23-FLIP,2ORC-23-01-DPU-024,FC-01-01-01 - Installation and commissioning of a non-aerial DPU terminal device,1
Downer - Fusion,Downer - Fusion Rate Card,2ORC-23-FLIP,2ORC-23-01-DPU-025,FC-01-01-01 - Installation and commissioning of a non-aerial DPU terminal device,1
Downer - Fusion,Downer - Fusion Rate Card,2ORC-23-FLIP,2ORC-23-01-DPU-026,FC-01-01-01 - Installation and commissioning of a non-aerial DPU terminal device,1
Downer - Fusion,Downer - Fusion Rate Card,2ORC-23-FLIP,2ORC-23-01-DPU-027,FC-01-01-01 - Installation and commissioning of a non-aerial DPU terminal device,1
Downer - Fusion,Downer - Fusion Rate Card,2ORC-23-FLIP,2ORC-23-01-DPU-028,FC-01-01-01 - Installation and commissioning of a non-aerial DPU terminal device,1
Downer - Fusion,Downer - Fusion Rate Card,2ORC-23-FLIP,2ORC-23-01-DPU-029,FC-01-01-01 - Installation and commissioning of a non-aerial DPU terminal device,1
Downer - Fusion,Downer - Fusion Rate Card,2ORC-23-FLIP,2ORC-23-01-DPU-030,FC-01-01-01 - Installation and commissioning of a non-aerial DPU terminal device,1
Downer - Fusion,Downer - Fusion Rate Card,2ORC-23-FLIP,2ORC-23-01-DPU-031,FC-01-01-01 - Installation and commissioning of a non-aerial DPU terminal device,1
Downer - Fusion,Downer - Fusion Rate Card,2ORC-23-FLIP,2ORC-23-01-DPU-032,FC-01-01-01 - Installation and commissioning of a non-aerial DPU terminal device,1
Downer - Fusion,Downer - Fusion Rate Card,2ORC-23-FLIP,2ORC-23-01-DPU-033,FC-01-01-01 - Installation and commissioning of a non-aerial DPU terminal device,1
Downer - Fusion,Downer - Fusion Rate Card,2ORC-23-FLIP,2ORC-23-01-DPU-034,FC-01-01-01 - Installation and commissioning of a non-aerial DPU terminal device,1
Downer - Fusion,Downer - Fusion Rate Card,2ORC-23-FLIP,2ORC-23-01-DPU-035,FC-01-01-01 - Installation and commissioning of a non-aerial DPU terminal device,1
Downer - Fusion,Downer - Fusion Rate Card,2ORC-23-FLIP,2ORC-23-01-DPU-036,FC-01-01-01 - Installation and commissioning of a non-aerial DPU terminal device,1
Downer - Fusion,Downer - Fusion Rate Card,2ORC-23-FLIP,2ORC-23-01-DPU-037,FC-01-01-01 - Installation and commissioning of a non-aerial DPU terminal device,1
Downer - Fusion,Downer - Fusion Rate Card,2ORC-23-FLIP,2ORC-23-01-DPU-038,FC-01-01-01 - Installation and commissioning of a non-aerial DPU terminal device,1
Downer - Fusion,Downer - Fusion Rate Card,2ORC-23-FLIP,2ORC-23-01-DPU-039,FC-01-01-01 - Installation and commissioning of a non-aerial DPU terminal device,1
Downer - Fusion,Downer - Fusion Rate Card,2ORC-23-FLIP,2ORC-23-01-DPU-040,FC-01-01-01 - Installation and commissioning of a non-aerial DPU terminal device,1
Downer - Fusion,Downer - Fusion Rate Card,2ORC-23-FLIP,2ORC-23-01-FJL-001,FB-01-01-03 - Installation and preparation of a fibre joint enclosure up to and including 12 fibres,1
Downer - Fusion,Downer - Fusion Rate Card,2ORC-23-FLIP,2ORC-23-01-FJL-001,FB-01-04-02 - Installation of splitter within an existing BJL enclosure,1
Downer - Fusion,Downer - Fusion Rate Card,2ORC-23-FLIP,2ORC-23-01-FJL-001,FB-03-01-02 - Splicing of single fibre,
Downer - Fusion,Downer - Fusion Rate Card,2ORC-23-FLIP,2ORC-23-01-FSD-001,CI-02-01-03O - Installation of 12 fibre cable sheath in Occupied underground duct,245
Downer - Fusion,Downer - Fusion Rate Card,2ORC-23-FLIP,2ORC-23-01-SMP-001,FB-02-01-01 - Installation of multiport or splitter multiport in underground pit or manhole,1
Downer - Fusion,Downer - Fusion Rate Card,2ORC-23-FLIP,2ORC-23-01-SMP-001,FB-04-01-07 - PON Power Meter Test,1
Downer - Fusion,Downer - Fusion Rate Card,2ORC-23-FLIP,2ORC-23-02-BJL-001,FB-01-01-03 - Installation and preparation of a fibre joint enclosure up to and including 12 fibres,1
Downer - Fusion,Downer - Fusion Rate Card,2ORC-23-FLIP,2ORC-23-02-BJL-001,FB-01-04-02 - Installation of splitter within an existing BJL enclosure,1
Downer - Fusion,Downer - Fusion Rate Card,2ORC-23-FLIP,2ORC-23-02-BJL-001,FB-03-01-02 - Splicing of single fibre,
Downer - Fusion,Downer - Fusion Rate Card,2ORC-23-FLIP,2ORC-23-02-BJL-002,FB-01-01-03 - Installation and preparation of a fibre joint enclosure up to and including 12 fibres,1
Downer - Fusion,Downer - Fusion Rate Card,2ORC-23-FLIP,2ORC-23-02-BJL-002,FB-01-04-02 - Installation of splitter within an existing BJL enclosure,1
Downer - Fusion,Downer - Fusion Rate Card,2ORC-23-FLIP,2ORC-23-02-BJL-002,FB-03-01-02 - Splicing of single fibre,
Downer - Fusion,Downer - Fusion Rate Card,2ORC-23-FLIP,2ORC-23-02-BJL-003,FB-01-01-03 - Installation and preparation of a fibre joint enclosure up to and including 12 fibres,1
Downer - Fusion,Downer - Fusion Rate Card,2ORC-23-FLIP,2ORC-23-02-BJL-003,FB-01-04-02 - Installation of splitter within an existing BJL enclosure,1
Downer - Fusion,Downer - Fusion Rate Card,2ORC-23-FLIP,2ORC-23-02-BJL-003,FB-03-01-02 - Splicing of single fibre,
Downer - Fusion,Downer - Fusion Rate Card,2ORC-23-FLIP,2ORC-23-02-BJL-004,FB-01-01-03 - Installation and preparation of a fibre joint enclosure up to and including 12 fibres,1
Downer - Fusion,Downer - Fusion Rate Card,2ORC-23-FLIP,2ORC-23-02-BJL-004,FB-01-04-02 - Installation of splitter within an existing BJL enclosure,1
Downer - Fusion,Downer - Fusion Rate Card,2ORC-23-FLIP,2ORC-23-02-BJL-004,FB-03-01-02 - Splicing of single fibre,
Downer - Fusion,Downer - Fusion Rate Card,2ORC-23-FLIP,2ORC-23-02-BJL-005,FB-01-01-03 - Installation and preparation of a fibre joint enclosure up to and including 12 fibres,1
Downer - Fusion,Downer - Fusion Rate Card,2ORC-23-FLIP,2ORC-23-02-BJL-005,FB-01-04-02 - Installation of splitter within an existing BJL enclosure,1
Downer - Fusion,Downer - Fusion Rate Card,2ORC-23-FLIP,2ORC-23-02-BJL-005,FB-03-01-02 - Splicing of single fibre,
Downer - Fusion,Downer - Fusion Rate Card,2ORC-23-FLIP,2ORC-23-02-BJL-006,FB-01-01-03 - Installation and preparation of a fibre joint enclosure up to and including 12 fibres,1
Downer - Fusion,Downer - Fusion Rate Card,2ORC-23-FLIP,2ORC-23-02-BJL-006,FB-01-04-02 - Installation of splitter within an existing BJL enclosure,1
Downer - Fusion,Downer - Fusion Rate Card,2ORC-23-FLIP,2ORC-23-02-BJL-006,FB-03-01-02 - Splicing of single fibre,
Downer - Fusion,Downer - Fusion Rate Card,2ORC-23-FLIP,2ORC-23-02-BJL-007,FB-01-01-03 - Installation and preparation of a fibre joint enclosure up to and including 12 fibres,1
Downer - Fusion,Downer - Fusion Rate Card,2ORC-23-FLIP,2ORC-23-02-BJL-007,FB-01-04-02 - Installation of splitter within an existing BJL enclosure,1
Downer - Fusion,Downer - Fusion Rate Card,2ORC-23-FLIP,2ORC-23-02-BJL-007,FB-03-01-02 - Splicing of single fibre,
Downer - Fusion,Downer - Fusion Rate Card,2ORC-23-FLIP,2ORC-23-02-BJL-008,FB-01-01-03 - Installation and preparation of a fibre joint enclosure up to and including 12 fibres,1
Downer - Fusion,Downer - Fusion Rate Card,2ORC-23-FLIP,2ORC-23-02-BJL-008,FB-01-04-02 - Installation of splitter within an existing BJL enclosure,1
Downer - Fusion,Downer - Fusion Rate Card,2ORC-23-FLIP,2ORC-23-02-BJL-008,FB-03-01-02 - Splicing of single fibre,
Downer - Fusion,Downer - Fusion Rate Card,2ORC-23-FLIP,2ORC-23-02-BJL-009,FB-01-01-03 - Installation and preparation of a fibre joint enclosure up to and including 12 fibres,1
Downer - Fusion,Downer - Fusion Rate Card,2ORC-23-FLIP,2ORC-23-02-BJL-009,FB-01-04-02 - Installation of splitter within an existing BJL enclosure,1
Downer - Fusion,Downer - Fusion Rate Card,2ORC-23-FLIP,2ORC-23-02-BJL-009,FB-03-01-02 - Splicing of single fibre,
Downer - Fusion,Downer - Fusion Rate Card,2ORC-23-FLIP,2ORC-23-02-BJL-021,FB-01-01-03 - Installation and preparation of a fibre joint enclosure up to and including 12 fibres,1
Downer - Fusion,Downer - Fusion Rate Card,2ORC-23-FLIP,2ORC-23-02-BJL-021,FB-01-04-02 - Installation of splitter within an existing BJL enclosure,1
Downer - Fusion,Downer - Fusion Rate Card,2ORC-23-FLIP,2ORC-23-02-BJL-021,FB-03-01-02 - Splicing of single fibre,
Downer - Fusion,Downer - Fusion Rate Card,2ORC-23-FLIP,2ORC-23-02-CDS-001,FC-03-01-01 - Existing copper drop sheath validation,1
Downer - Fusion,Downer - Fusion Rate Card,2ORC-23-FLIP,2ORC-23-02-CDS-002,FC-03-01-01 - Existing copper drop sheath validation,1
Downer - Fusion,Downer - Fusion Rate Card,2ORC-23-FLIP,2ORC-23-02-CDS-003,FC-03-01-01 - Existing copper drop sheath validation,1
Downer - Fusion,Downer - Fusion Rate Card,2ORC-23-FLIP,2ORC-23-02-CDS-004,FC-03-01-01 - Existing copper drop sheath validation,1
Downer - Fusion,Downer - Fusion Rate Card,2ORC-23-FLIP,2ORC-23-02-CDS-005,FC-03-01-01 - Existing copper drop sheath validation,1
Downer - Fusion,Downer - Fusion Rate Card,2ORC-23-FLIP,2ORC-23-02-CDS-006,FC-03-01-01 - Existing copper drop sheath validation,1
Downer - Fusion,Downer - Fusion Rate Card,2ORC-23-FLIP,2ORC-23-02-CDS-007,FC-03-01-01 - Existing copper drop sheath validation,1
Downer - Fusion,Downer - Fusion Rate Card,2ORC-23-FLIP,2ORC-23-02-CDS-008,FC-03-01-01 - Existing copper drop sheath validation,1
Downer - Fusion,Downer - Fusion Rate Card,2ORC-23-FLIP,2ORC-23-02-CDS-009,FC-03-01-01 - Existing copper drop sheath validation,1
Downer - Fusion,Downer - Fusion Rate Card,2ORC-23-FLIP,2ORC-23-02-CDS-010,FC-03-01-01 - Existing copper drop sheath validation,1
Downer - Fusion,Downer - Fusion Rate Card,2ORC-23-FLIP,2ORC-23-02-CDS-011,FC-03-01-01 - Existing copper drop sheath validation,1
Downer - Fusion,Downer - Fusion Rate Card,2ORC-23-FLIP,2ORC-23-02-CDS-012,FC-03-01-01 - Existing copper drop sheath validation,1
Downer - Fusion,Downer - Fusion Rate Card,2ORC-23-FLIP,2ORC-23-02-CDS-013,FC-03-01-01 - Existing copper drop sheath validation,1
Downer - Fusion,Downer - Fusion Rate Card,2ORC-23-FLIP,2ORC-23-02-CDS-014,FC-03-01-01 - Existing copper drop sheath validation,1
Downer - Fusion,Downer - Fusion Rate Card,2ORC-23-FLIP,2ORC-23-02-CDS-015,FC-03-01-01 - Existing copper drop sheath validation,1
Downer - Fusion,Downer - Fusion Rate Card,2ORC-23-FLIP,2ORC-23-02-CDS-016,FC-03-01-01 - Existing copper drop sheath validation,1
Downer - Fusion,Downer - Fusion Rate Card,2ORC-23-FLIP,2ORC-23-02-CDS-017,FC-03-01-01 - Existing copper drop sheath validation,1
Downer - Fusion,Downer - Fusion Rate Card,2ORC-23-FLIP,2ORC-23-02-CDS-018,FC-03-01-01 - Existing copper drop sheath validation,1
Downer - Fusion,Downer - Fusion Rate Card,2ORC-23-FLIP,2ORC-23-02-CDS-019,FC-03-01-01 - Existing copper drop sheath validation,1
Downer - Fusion,Downer - Fusion Rate Card,2ORC-23-FLIP,2ORC-23-02-CDS-020,FC-03-01-01 - Existing copper drop sheath validation,1
Downer - Fusion,Downer - Fusion Rate Card,2ORC-23-FLIP,2ORC-23-02-CDS-021,FC-03-01-01 - Existing copper drop sheath validation,1
Downer - Fusion,Downer - Fusion Rate Card,2ORC-23-FLIP,2ORC-23-02-CDS-022,FC-03-01-01 - Existing copper drop sheath validation,1
Downer - Fusion,Downer - Fusion Rate Card,2ORC-23-FLIP,2ORC-23-02-CDS-023,FC-03-01-01 - Existing copper drop sheath validation,1
Downer - Fusion,Downer - Fusion Rate Card,2ORC-23-FLIP,2ORC-23-02-CDS-024,FC-03-01-01 - Existing copper drop sheath validation,1
Downer - Fusion,Downer - Fusion Rate Card,2ORC-23-FLIP,2ORC-23-02-CDS-025,FC-03-01-01 - Existing copper drop sheath validation,1
Downer - Fusion,Downer - Fusion Rate Card,2ORC-23-FLIP,2ORC-23-02-CDS-026,FC-03-01-01 - Existing copper drop sheath validation,1
Downer - Fusion,Downer - Fusion Rate Card,2ORC-23-FLIP,2ORC-23-02-CDS-027,FC-03-01-01 - Existing copper drop sheath validation,1
Downer - Fusion,Downer - Fusion Rate Card,2ORC-23-FLIP,2ORC-23-02-CDS-028,FC-03-01-01 - Existing copper drop sheath validation,1
Downer - Fusion,Downer - Fusion Rate Card,2ORC-23-FLIP,2ORC-23-02-CDS-029,FC-03-01-01 - Existing copper drop sheath validation,1
Downer - Fusion,Downer - Fusion Rate Card,2ORC-23-FLIP,2ORC-23-02-CDS-030,FC-03-01-01 - Existing copper drop sheath validation,1
Downer - Fusion,Downer - Fusion Rate Card,2ORC-23-FLIP,2ORC-23-02-CDS-031,FC-03-01-01 - Existing copper drop sheath validation,1
Downer - Fusion,Downer - Fusion Rate Card,2ORC-23-FLIP,2ORC-23-02-CDS-032,FC-03-01-01 - Existing copper drop sheath validation,1
Downer - Fusion,Downer - Fusion Rate Card,2ORC-23-FLIP,2ORC-23-02-CDS-033,FC-03-01-01 - Existing copper drop sheath validation,1
Downer - Fusion,Downer - Fusion Rate Card,2ORC-23-FLIP,2ORC-23-02-CDS-034,FC-03-01-01 - Existing copper drop sheath validation,1
Downer - Fusion,Downer - Fusion Rate Card,2ORC-23-FLIP,2ORC-23-02-CDS-035,FC-03-01-01 - Existing copper drop sheath validation,1
Downer - Fusion,Downer - Fusion Rate Card,2ORC-23-FLIP,2ORC-23-02-CDS-036,FC-03-01-01 - Existing copper drop sheath validation,1
Downer - Fusion,Downer - Fusion Rate Card,2ORC-23-FLIP,2ORC-23-02-CDS-037,FC-03-01-01 - Existing copper drop sheath validation,1
Downer - Fusion,Downer - Fusion Rate Card,2ORC-23-FLIP,2ORC-23-02-CDS-038,FC-03-01-01 - Existing copper drop sheath validation,1
Downer - Fusion,Downer - Fusion Rate Card,2ORC-23-FLIP,2ORC-23-02-CDS-039,FC-03-01-01 - Existing copper drop sheath validation,1
Downer - Fusion,Downer - Fusion Rate Card,2ORC-23-FLIP,2ORC-23-02-CDS-040,FC-03-01-01 - Existing copper drop sheath validation,1
Downer - Fusion,Downer - Fusion Rate Card,2ORC-23-FLIP,2ORC-23-02-CDS-041,FC-03-01-01 - Existing copper drop sheath validation,1
Downer - Fusion,Downer - Fusion Rate Card,2ORC-23-FLIP,2ORC-23-02-CDS-054,FC-03-01-01 - Existing copper drop sheath validation,1
Downer - Fusion,Downer - Fusion Rate Card,2ORC-23-FLIP,2ORC-23-02-CDS-055,FC-03-01-01 - Existing copper drop sheath validation,1
Downer - Fusion,Downer - Fusion Rate Card,2ORC-23-FLIP,2ORC-23-02-CDS-056,FC-03-01-01 - Existing copper drop sheath validation,1
Downer - Fusion,Downer - Fusion Rate Card,2ORC-23-FLIP,2ORC-23-02-CDS-057,FC-03-01-01 - Existing copper drop sheath validation,1
Downer - Fusion,Downer - Fusion Rate Card,2ORC-23-FLIP,2ORC-23-02-CDS-074,FC-03-01-01 - Existing copper drop sheath validation,1
Downer - Fusion,Downer - Fusion Rate Card,2ORC-23-FLIP,2ORC-23-02-CDS-088,FC-03-01-01 - Existing copper drop sheath validation,1
Downer - Fusion,Downer - Fusion Rate Card,2ORC-23-FLIP,2ORC-23-02-CDS-089,FC-03-01-01 - Existing copper drop sheath validation,1
Downer - Fusion,Downer - Fusion Rate Card,2ORC-23-FLIP,2ORC-23-02-CDS-090,FC-03-01-01 - Existing copper drop sheath validation,1
Downer - Fusion,Downer - Fusion Rate Card,2ORC-23-FLIP,2ORC-23-02-CDS-091,FC-03-01-01 - Existing copper drop sheath validation,1
Downer - Fusion,Downer - Fusion Rate Card,2ORC-23-FLIP,2ORC-23-02-CDS-092,FC-03-01-01 - Existing copper drop sheath validation,1
Downer - Fusion,Downer - Fusion Rate Card,2ORC-23-FLIP,2ORC-23-02-CIU-001,FC-02-01-03 - Jointing of copper drop sheath to DPU copper lead using a copper interconnect unit,1
Downer - Fusion,Downer - Fusion Rate Card,2ORC-23-FLIP,2ORC-23-02-CIU-005,FC-02-01-03 - Jointing of copper drop sheath to DPU copper lead using a copper interconnect unit,1
Downer - Fusion,Downer - Fusion Rate Card,2ORC-23-FLIP,2ORC-23-02-CIU-006,FC-02-01-03 - Jointing of copper drop sheath to DPU copper lead using a copper interconnect unit,1
Downer - Fusion,Downer - Fusion Rate Card,2ORC-23-FLIP,2ORC-23-02-CIU-007,FC-02-01-03 - Jointing of copper drop sheath to DPU copper lead using a copper interconnect unit,1
Downer - Fusion,Downer - Fusion Rate Card,2ORC-23-FLIP,2ORC-23-02-CIU-009,FC-02-01-03 - Jointing of copper drop sheath to DPU copper lead using a copper interconnect unit,1
Downer - Fusion,Downer - Fusion Rate Card,2ORC-23-FLIP,2ORC-23-02-CIU-010,FC-02-01-03 - Jointing of copper drop sheath to DPU copper lead using a copper interconnect unit,1
Downer - Fusion,Downer - Fusion Rate Card,2ORC-23-FLIP,2ORC-23-02-CIU-013,FC-02-01-03 - Jointing of copper drop sheath to DPU copper lead using a copper interconnect unit,1
Downer - Fusion,Downer - Fusion Rate Card,2ORC-23-FLIP,2ORC-23-02-CIU-017,FC-02-01-03 - Jointing of copper drop sheath to DPU copper lead using a copper interconnect unit,1
Downer - Fusion,Downer - Fusion Rate Card,2ORC-23-FLIP,2ORC-23-02-CIU-018,FC-02-01-03 - Jointing of copper drop sheath to DPU copper lead using a copper interconnect unit,1
Downer - Fusion,Downer - Fusion Rate Card,2ORC-23-FLIP,2ORC-23-02-CIU-021,FC-02-01-03 - Jointing of copper drop sheath to DPU copper lead using a copper interconnect unit,1
Downer - Fusion,Downer - Fusion Rate Card,2ORC-23-FLIP,2ORC-23-02-CIU-022,FC-02-01-03 - Jointing of copper drop sheath to DPU copper lead using a copper interconnect unit,1
Downer - Fusion,Downer - Fusion Rate Card,2ORC-23-FLIP,2ORC-23-02-CIU-025,FC-02-01-03 - Jointing of copper drop sheath to DPU copper lead using a copper interconnect unit,1
Downer - Fusion,Downer - Fusion Rate Card,2ORC-23-FLIP,2ORC-23-02-CIU-029,FC-02-01-03 - Jointing of copper drop sheath to DPU copper lead using a copper interconnect unit,1
Downer - Fusion,Downer - Fusion Rate Card,2ORC-23-FLIP,2ORC-23-02-CIU-030,FC-02-01-03 - Jointing of copper drop sheath to DPU copper lead using a copper interconnect unit,1
Downer - Fusion,Downer - Fusion Rate Card,2ORC-23-FLIP,2ORC-23-02-CIU-033,FC-02-01-03 - Jointing of copper drop sheath to DPU copper lead using a copper interconnect unit,1
Downer - Fusion,Downer - Fusion Rate Card,2ORC-23-FLIP,2ORC-23-02-CIU-037,FC-02-01-03 - Jointing of copper drop sheath to DPU copper lead using a copper interconnect unit,1
Downer - Fusion,Downer - Fusion Rate Card,2ORC-23-FLIP,2ORC-23-02-CIU-041,FC-02-01-03 - Jointing of copper drop sheath to DPU copper lead using a copper interconnect unit,1
Downer - Fusion,Downer - Fusion Rate Card,2ORC-23-FLIP,2ORC-23-02-CIU-045,FC-02-01-03 - Jointing of copper drop sheath to DPU copper lead using a copper interconnect unit,1
Downer - Fusion,Downer - Fusion Rate Card,2ORC-23-FLIP,2ORC-23-02-CIU-050,FC-02-01-03 - Jointing of copper drop sheath to DPU copper lead using a copper interconnect unit,1
Downer - Fusion,Downer - Fusion Rate Card,2ORC-23-FLIP,2ORC-23-02-CIU-053,FC-02-01-03 - Jointing of copper drop sheath to DPU copper lead using a copper interconnect unit,1
Downer - Fusion,Downer - Fusion Rate Card,2ORC-23-FLIP,2ORC-23-02-CIU-057,FC-02-01-03 - Jointing of copper drop sheath to DPU copper lead using a copper interconnect unit,1
Downer - Fusion,Downer - Fusion Rate Card,2ORC-23-FLIP,2ORC-23-02-CIU-061,FC-02-01-03 - Jointing of copper drop sheath to DPU copper lead using a copper interconnect unit,1
Downer - Fusion,Downer - Fusion Rate Card,2ORC-23-FLIP,2ORC-23-02-CIU-065,FC-02-01-03 - Jointing of copper drop sheath to DPU copper lead using a copper interconnect unit,1
Downer - Fusion,Downer - Fusion Rate Card,2ORC-23-FLIP,2ORC-23-02-CIU-066,FC-02-01-03 - Jointing of copper drop sheath to DPU copper lead using a copper interconnect unit,1
Downer - Fusion,Downer - Fusion Rate Card,2ORC-23-FLIP,2ORC-23-02-CIU-073,FC-02-01-03 - Jointing of copper drop sheath to DPU copper lead using a copper interconnect unit,1
Downer - Fusion,Downer - Fusion Rate Card,2ORC-23-FLIP,2ORC-23-02-CIU-077,FC-02-01-03 - Jointing of copper drop sheath to DPU copper lead using a copper interconnect unit,1
Downer - Fusion,Downer - Fusion Rate Card,2ORC-23-FLIP,2ORC-23-02-CIU-081,FC-02-01-03 - Jointing of copper drop sheath to DPU copper lead using a copper interconnect unit,1
Downer - Fusion,Downer - Fusion Rate Card,2ORC-23-FLIP,2ORC-23-02-CIU-084,FC-02-01-03 - Jointing of copper drop sheath to DPU copper lead using a copper interconnect unit,1
Downer - Fusion,Downer - Fusion Rate Card,2ORC-23-FLIP,2ORC-23-02-CIU-088,FC-02-01-03 - Jointing of copper drop sheath to DPU copper lead using a copper interconnect unit,1
Downer - Fusion,Downer - Fusion Rate Card,2ORC-23-FLIP,2ORC-23-02-CIU-089,FC-02-01-03 - Jointing of copper drop sheath to DPU copper lead using a copper interconnect unit,1
Downer - Fusion,Downer - Fusion Rate Card,2ORC-23-FLIP,2ORC-23-02-CIU-090,FC-02-01-03 - Jointing of copper drop sheath to DPU copper lead using a copper interconnect unit,1
Downer - Fusion,Downer - Fusion Rate Card,2ORC-23-FLIP,2ORC-23-02-CIU-092,FC-02-01-03 - Jointing of copper drop sheath to DPU copper lead using a copper interconnect unit,1
Downer - Fusion,Downer - Fusion Rate Card,2ORC-23-FLIP,2ORC-23-02-CIU-096,FC-02-01-03 - Jointing of copper drop sheath to DPU copper lead using a copper interconnect unit,1
Downer - Fusion,Downer - Fusion Rate Card,2ORC-23-FLIP,2ORC-23-02-CIU-100,FC-02-01-03 - Jointing of copper drop sheath to DPU copper lead using a copper interconnect unit,1
Downer - Fusion,Downer - Fusion Rate Card,2ORC-23-FLIP,2ORC-23-02-CIU-101,FC-02-01-03 - Jointing of copper drop sheath to DPU copper lead using a copper interconnect unit,1
Downer - Fusion,Downer - Fusion Rate Card,2ORC-23-FLIP,2ORC-23-02-CIU-104,FC-02-01-03 - Jointing of copper drop sheath to DPU copper lead using a copper interconnect unit,1
Downer - Fusion,Downer - Fusion Rate Card,2ORC-23-FLIP,2ORC-23-02-CIU-128,FC-02-01-03 - Jointing of copper drop sheath to DPU copper lead using a copper interconnect unit,1
Downer - Fusion,Downer - Fusion Rate Card,2ORC-23-FLIP,2ORC-23-02-CIU-132,FC-02-01-03 - Jointing of copper drop sheath to DPU copper lead using a copper interconnect unit,1
Downer - Fusion,Downer - Fusion Rate Card,2ORC-23-FLIP,2ORC-23-02-CIU-133,FC-02-01-03 - Jointing of copper drop sheath to DPU copper lead using a copper interconnect unit,1
Downer - Fusion,Downer - Fusion Rate Card,2ORC-23-FLIP,2ORC-23-02-CIU-134,FC-02-01-03 - Jointing of copper drop sheath to DPU copper lead using a copper interconnect unit,1
Downer - Fusion,Downer - Fusion Rate Card,2ORC-23-FLIP,2ORC-23-02-CIU-135,FC-02-01-03 - Jointing of copper drop sheath to DPU copper lead using a copper interconnect unit,1
Downer - Fusion,Downer - Fusion Rate Card,2ORC-23-FLIP,2ORC-23-02-CIU-136,FC-02-01-03 - Jointing of copper drop sheath to DPU copper lead using a copper interconnect unit,1
Downer - Fusion,Downer - Fusion Rate Card,2ORC-23-FLIP,2ORC-23-02-CIU-137,FC-02-01-03 - Jointing of copper drop sheath to DPU copper lead using a copper interconnect unit,1
Downer - Fusion,Downer - Fusion Rate Card,2ORC-23-FLIP,2ORC-23-02-CIU-138,FC-02-01-03 - Jointing of copper drop sheath to DPU copper lead using a copper interconnect unit,1
Downer - Fusion,Downer - Fusion Rate Card,2ORC-23-FLIP,2ORC-23-02-CIU-174,FC-02-01-03 - Jointing of copper drop sheath to DPU copper lead using a copper interconnect unit,1
Downer - Fusion,Downer - Fusion Rate Card,2ORC-23-FLIP,2ORC-23-02-CIU-198,FC-02-01-03 - Jointing of copper drop sheath to DPU copper lead using a copper interconnect unit,1
Downer - Fusion,Downer - Fusion Rate Card,2ORC-23-FLIP,2ORC-23-02-DCL-002,FC-02-01-07 - Supply and installation of a DPU copper lead extension from DPU copper lead to a non-aerial copper interconnect unit,1
Downer - Fusion,Downer - Fusion Rate Card,2ORC-23-FLIP,2ORC-23-02-DCL-009,FC-02-01-07 - Supply and installation of a DPU copper lead extension from DPU copper lead to a non-aerial copper interconnect unit,1
Downer - Fusion,Downer - Fusion Rate Card,2ORC-23-FLIP,2ORC-23-02-DCL-010,FC-02-01-07 - Supply and installation of a DPU copper lead extension from DPU copper lead to a non-aerial copper interconnect unit,1
Downer - Fusion,Downer - Fusion Rate Card,2ORC-23-FLIP,2ORC-23-02-DCL-031,FC-02-01-07 - Supply and installation of a DPU copper lead extension from DPU copper lead to a non-aerial copper interconnect unit,1
Downer - Fusion,Downer - Fusion Rate Card,2ORC-23-FLIP,2ORC-23-02-DCL-032,FC-02-01-07 - Supply and installation of a DPU copper lead extension from DPU copper lead to a non-aerial copper interconnect unit,1
Downer - Fusion,Downer - Fusion Rate Card,2ORC-23-FLIP,2ORC-23-02-DCL-051,FC-02-01-07 - Supply and installation of a DPU copper lead extension from DPU copper lead to a non-aerial copper interconnect unit,1
Downer - Fusion,Downer - Fusion Rate Card,2ORC-23-FLIP,2ORC-23-02-DCL-071,FC-02-01-07 - Supply and installation of a DPU copper lead extension from DPU copper lead to a non-aerial copper interconnect unit,1
Downer - Fusion,Downer - Fusion Rate Card,2ORC-23-FLIP,2ORC-23-02-DCL-072,FC-02-01-07 - Supply and installation of a DPU copper lead extension from DPU copper lead to a non-aerial copper interconnect unit,1
Downer - Fusion,Downer - Fusion Rate Card,2ORC-23-FLIP,2ORC-23-02-DCL-073,FC-02-01-07 - Supply and installation of a DPU copper lead extension from DPU copper lead to a non-aerial copper interconnect unit,1
Downer - Fusion,Downer - Fusion Rate Card,2ORC-23-FLIP,2ORC-23-02-DCL-075,FC-02-01-07 - Supply and installation of a DPU copper lead extension from DPU copper lead to a non-aerial copper interconnect unit,1
Downer - Fusion,Downer - Fusion Rate Card,2ORC-23-FLIP,2ORC-23-02-DCL-141,FC-02-01-07 - Supply and installation of a DPU copper lead extension from DPU copper lead to a non-aerial copper interconnect unit,1
Downer - Fusion,Downer - Fusion Rate Card,2ORC-23-FLIP,2ORC-23-02-DCL-231,FC-02-01-07 - Supply and installation of a DPU copper lead extension from DPU copper lead to a non-aerial copper interconnect unit,1
Downer - Fusion,Downer - Fusion Rate Card,2ORC-23-FLIP,2ORC-23-02-DPU-001,FC-01-01-01 - Installation and commissioning of a non-aerial DPU terminal device,1
Downer - Fusion,Downer - Fusion Rate Card,2ORC-23-FLIP,2ORC-23-02-DPU-002,FC-01-01-01 - Installation and commissioning of a non-aerial DPU terminal device,1
Downer - Fusion,Downer - Fusion Rate Card,2ORC-23-FLIP,2ORC-23-02-DPU-003,FC-01-01-01 - Installation and commissioning of a non-aerial DPU terminal device,1
Downer - Fusion,Downer - Fusion Rate Card,2ORC-23-FLIP,2ORC-23-02-DPU-004,FC-01-01-01 - Installation and commissioning of a non-aerial DPU terminal device,1
Downer - Fusion,Downer - Fusion Rate Card,2ORC-23-FLIP,2ORC-23-02-DPU-005,FC-01-01-01 - Installation and commissioning of a non-aerial DPU terminal device,1
Downer - Fusion,Downer - Fusion Rate Card,2ORC-23-FLIP,2ORC-23-02-DPU-006,FC-01-01-01 - Installation and commissioning of a non-aerial DPU terminal device,1
Downer - Fusion,Downer - Fusion Rate Card,2ORC-23-FLIP,2ORC-23-02-DPU-007,FC-01-01-01 - Installation and commissioning of a non-aerial DPU terminal device,1
Downer - Fusion,Downer - Fusion Rate Card,2ORC-23-FLIP,2ORC-23-02-DPU-008,FC-01-01-01 - Installation and commissioning of a non-aerial DPU terminal device,1
Downer - Fusion,Downer - Fusion Rate Card,2ORC-23-FLIP,2ORC-23-02-DPU-009,FC-01-01-01 - Installation and commissioning of a non-aerial DPU terminal device,1
Downer - Fusion,Downer - Fusion Rate Card,2ORC-23-FLIP,2ORC-23-02-DPU-010,FC-01-01-01 - Installation and commissioning of a non-aerial DPU terminal device,1
Downer - Fusion,Downer - Fusion Rate Card,2ORC-23-FLIP,2ORC-23-02-DPU-011,FC-01-01-01 - Installation and commissioning of a non-aerial DPU terminal device,1
Downer - Fusion,Downer - Fusion Rate Card,2ORC-23-FLIP,2ORC-23-02-DPU-012,FC-01-01-01 - Installation and commissioning of a non-aerial DPU terminal device,1
Downer - Fusion,Downer - Fusion Rate Card,2ORC-23-FLIP,2ORC-23-02-DPU-013,FC-01-01-01 - Installation and commissioning of a non-aerial DPU terminal device,1
Downer - Fusion,Downer - Fusion Rate Card,2ORC-23-FLIP,2ORC-23-02-DPU-014,FC-01-01-01 - Installation and commissioning of a non-aerial DPU terminal device,1
Downer - Fusion,Downer - Fusion Rate Card,2ORC-23-FLIP,2ORC-23-02-DPU-015,FC-01-01-01 - Installation and commissioning of a non-aerial DPU terminal device,1
Downer - Fusion,Downer - Fusion Rate Card,2ORC-23-FLIP,2ORC-23-02-DPU-016,FC-01-01-01 - Installation and commissioning of a non-aerial DPU terminal device,1
Downer - Fusion,Downer - Fusion Rate Card,2ORC-23-FLIP,2ORC-23-02-DPU-017,FC-01-01-01 - Installation and commissioning of a non-aerial DPU terminal device,1
Downer - Fusion,Downer - Fusion Rate Card,2ORC-23-FLIP,2ORC-23-02-DPU-018,FC-01-01-01 - Installation and commissioning of a non-aerial DPU terminal device,1
Downer - Fusion,Downer - Fusion Rate Card,2ORC-23-FLIP,2ORC-23-02-DPU-019,FC-01-01-01 - Installation and commissioning of a non-aerial DPU terminal device,1
Downer - Fusion,Downer - Fusion Rate Card,2ORC-23-FLIP,2ORC-23-02-DPU-020,FC-01-01-01 - Installation and commissioning of a non-aerial DPU terminal device,1
Downer - Fusion,Downer - Fusion Rate Card,2ORC-23-FLIP,2ORC-23-02-DPU-021,FC-01-01-01 - Installation and commissioning of a non-aerial DPU terminal device,1
Downer - Fusion,Downer - Fusion Rate Card,2ORC-23-FLIP,2ORC-23-02-DPU-022,FC-01-01-01 - Installation and commissioning of a non-aerial DPU terminal device,1
Downer - Fusion,Downer - Fusion Rate Card,2ORC-23-FLIP,2ORC-23-02-DPU-023,FC-01-01-01 - Installation and commissioning of a non-aerial DPU terminal device,1
Downer - Fusion,Downer - Fusion Rate Card,2ORC-23-FLIP,2ORC-23-02-DPU-024,FC-01-01-01 - Installation and commissioning of a non-aerial DPU terminal device,1
Downer - Fusion,Downer - Fusion Rate Card,2ORC-23-FLIP,2ORC-23-02-DPU-025,FC-01-01-01 - Installation and commissioning of a non-aerial DPU terminal device,1
Downer - Fusion,Downer - Fusion Rate Card,2ORC-23-FLIP,2ORC-23-02-DPU-026,FC-01-01-01 - Installation and commissioning of a non-aerial DPU terminal device,1
Downer - Fusion,Downer - Fusion Rate Card,2ORC-23-FLIP,2ORC-23-02-DPU-027,FC-01-01-01 - Installation and commissioning of a non-aerial DPU terminal device,1
Downer - Fusion,Downer - Fusion Rate Card,2ORC-23-FLIP,2ORC-23-02-DPU-033,FC-01-01-01 - Installation and commissioning of a non-aerial DPU terminal device,1
Downer - Fusion,Downer - Fusion Rate Card,2ORC-23-FLIP,2ORC-23-02-DPU-034,FC-01-01-01 - Installation and commissioning of a non-aerial DPU terminal device,1
Downer - Fusion,Downer - Fusion Rate Card,2ORC-23-FLIP,2ORC-23-02-DPU-045,FC-01-01-01 - Installation and commissioning of a non-aerial DPU terminal device,1
Downer - Fusion,Downer - Fusion Rate Card,2ORC-23-FLIP,2ORC-23-02-DPU-052,FC-01-01-01 - Installation and commissioning of a non-aerial DPU terminal device,1
Downer - Fusion,Downer - Fusion Rate Card,2ORC-23-FLIP,2ORC-23-02-DPU-053,FC-01-01-01 - Installation and commissioning of a non-aerial DPU terminal device,1
Downer - Fusion,Downer - Fusion Rate Card,2ORC-23-FLIP,2ORC-23-02-DPU-054,FC-01-01-01 - Installation and commissioning of a non-aerial DPU terminal device,1
Downer - Fusion,Downer - Fusion Rate Card,2ORC-23-FLIP,2ORC-23-02-FJL-001,FB-01-01-03 - Installation and preparation of a fibre joint enclosure up to and including 12 fibres,1
Downer - Fusion,Downer - Fusion Rate Card,2ORC-23-FLIP,2ORC-23-02-FJL-001,FB-01-04-02 - Installation of splitter within an existing BJL enclosure,1
Downer - Fusion,Downer - Fusion Rate Card,2ORC-23-FLIP,2ORC-23-02-FJL-001,FB-03-01-02 - Splicing of single fibre,
Downer - Fusion,Downer - Fusion Rate Card,2ORC-23-FLIP,2ORC-23-02-FSD-001,CI-02-01-03O - Installation of 12 fibre cable sheath in Occupied underground duct,174
,,,,,
,,,,,
,,,,,
,,,,,
,,,,,
,,,,,
,,,,,
,,,,,
,,,,,
,,,,,
,,,,,
,,,,,
,,,,,
,,,,,
,,,,,
,,,,,
,,,,,
,,,,,
,,,,,
,,,,,
,,,,,
,,,,,
,,,,,
,,,,,
,,,,,
,,,,,
,,,,,
,,,,,
,,,,,
,,,,,
,,,,,
,,,,,
,,,,,
,,,,,
,,,,,
,,,,,
,,,,,
,,,,,
,,,,,
,,,,,
,,,,,
,,,,,
,,,,,
,,,,,
,,,,,
,,,,,
,,,,,
,,,,,
,,,,,
,,,,,
,,,,,
,,,,,
,,,,,
,,,,,
,,,,,
,,,,,
,,,,,
,,,,,
,,,,,
,,,,,
,,,,,
,,,,,
,,,,,
,,,,,
,,,,,
,,,,,
,,,,,
,,,,,
,,,,,
,,,,,
,,,,,
,,,,,
,,,,,
,,,,,
,,,,,
,,,,,
,,,,,
,,,,,
,,,,,
,,,,,
,,,,,
,,,,,
,,,,,
,,,,,
,,,,,
,,,,,
,,,,,
,,,,,
,,,,,
,,,,,
,,,,,
,,,,,
,,,,,
,,,,,
,,,,,
,,,,,
,,,,,
,,,,,
,,,,,
,,,,,
,,,,,
,,,,,
,,,,,
,,,,,
,,,,,
,,,,,
,,,,,
,,,,,
,,,,,
,,,,,
,,,,,
,,,,,
,,,,,
,,,,,
,,,,,
,,,,,
,,,,,
,,,,,
,,,,,
,,,,,
,,,,,
,,,,,
,,,,,
,,,,,
,,,,,
,,,,,
,,,,,
,,,,,
,,,,,
,,,,,
,,,,,
,,,,,
,,,,,
,,,,,
,,,,,
,,,,,
,,,,,
,,,,,
,,,,,
,,,,,
,,,,,
,,,,,
,,,,,
,,,,,
,,,,,
,,,,,
,,,,,
,,,,,
,,,,,
,,,,,
,,,,,
,,,,,
,,,,,
,,,,,
,,,,,
,,,,,
,,,,,
,,,,,
,,,,,
,,,,,
,,,,,
,,,,,
,,,,,
,,,,,
,,,,,
,,,,,
,,,,,
,,,,,
,,,,,
,,,,,
,,,,,
,,,,,
,,,,,
,,,,,
,,,,,
,,,,,
,,,,,
,,,,,
,,,,,
,,,,,
,,,,,
,,,,,
,,,,,
,,,,,
,,,,,
,,,,,
,,,,,
,,,,,
,,,,,
,,,,,
,,,,,
,,,,,
,,,,,
,,,,,
,,,,,
,,,,,
,,,,,
,,,,,
,,,,,
,,,,,
,,,,,
,,,,,
,,,,,
,,,,,
,,,,,
,,,,,
,,,,,
,,,,,
,,,,,
,,,,,
,,,,,
,,,,,
,,,,,
,,,,,
,,,,,
,,,,,
,,,,,
,,,,,
,,,,,
,,,,,
,,,,,
,,,,,
,,,,,
,,,,,
,,,,,
,,,,,
,,,,,
,,,,,
,,,,,
,,,,,
,,,,,
,,,,,
,,,,,
,,,,,
,,,,,
,,,,,
,,,,,
,,,,,
,,,,,
,,,,,
,,,,,
,,,,,
,,,,,
,,,,,
,,,,,
,,,,,
,,,,,
,,,,,
,,,,,
,,,,,
,,,,,
,,,,,
,,,,,
,,,,,
,,,,,
,,,,,
,,,,,
,,,,,
,,,,,
,,,,,
,,,,,
,,,,,
,,,,,
,,,,,
,,,,,
,,,,,
,,,,,
,,,,,
,,,,,
,,,,,
,,,,,
,,,,,
,,,,,
,,,,,
,,,,,
,,,,,
,,,,,
,,,,,
,,,,,
,,,,,
,,,,,
,,,,,
,,,,,
,,,,,
,,,,,
,,,,,
,,,,,
,,,,,
,,,,,
,,,,,
,,,,,
,,,,,
,,,,,
,,,,,
,,,,,
,,,,,
,,,,,
,,,,,
,,,,,
,,,,,
,,,,,
,,,,,
,,,,,
,,,,,
,,,,,
,,,,,
,,,,,
,,,,,
,,,,,
,,,,,
,,,,,
,,,,,
,,,,,
,,,,,
,,,,,
,,,,,
,,,,,
,,,,,
,,,,,
,,,,,
,,,,,
,,,,,
,,,,,
,,,,,
,,,,,
,,,,,
,,,,,
,,,,,
,,,,,
,,,,,
,,,,,
,,,,,
,,,,,
,,,,,
,,,,,
,,,,,
,,,,,
,,,,,
,,,,,
,,,,,
,,,,,
,,,,,
,,,,,
,,,,,
,,,,,
,,,,,
,,,,,
,,,,,
,,,,,
,,,,,
,,,,,
,,,,,
,,,,,
,,,,,
,,,,,
,,,,,
,,,,,
,,,,,
,,,,,
,,,,,
,,,,,
,,,,,
,,,,,
,,,,,
,,,,,
,,,,,
,,,,,
,,,,,
,,,,,
,,,,,
,,,,,
,,,,,
,,,,,
,,,,,
,,,,,
,,,,,
,,,,,
,,,,,
,,,,,
,,,,,
,,,,,
,,,,,
,,,,,
,,,,,
,,,,,
,,,,,
,,,,,
,,,,,
,,,,,
,,,,,
,,,,,
,,,,,
,,,,,
,,,,,
,,,,,
,,,,,
,,,,,
,,,,,
,,,,,
,,,,,
,,,,,
,,,,,
,,,,,
,,,,,
,,,,,
,,,,,
,,,,,
,,,,,
,,,,,
,,,,,
,,,,,
,,,,,
,,,,,
,,,,,
,,,,,
,,,,,
,,,,,
,,,,,
,,,,,
,,,,,
,,,,,
,,,,,
,,,,,
,,,,,
,,,,,
,,,,,
,,,,,
,,,,,
,,,,,
,,,,,
,,,,,
,,,,,
,,,,,
,,,,,
,,,,,
,,,,,
,,,,,
,,,,,
,,,,,
,,,,,
,,,,,
,,,,,
,,,,,
,,,,,
,,,,,
,,,,,
,,,,,
,,,,,
,,,,,
,,,,,
,,,,,
,,,,,
,,,,,
,,,,,
,,,,,
,,,,,
,,,,,
,,,,,
,,,,,
,,,,,
,,,,,
,,,,,
,,,,,
,,,,,
,,,,,
,,,,,
,,,,,
,,,,,
,,,,,
,,,,,
,,,,,
,,,,,
,,,,,
,,,,,
,,,,,
,,,,,
,,,,,
,,,,,
,,,,,
,,,,,
,,,,,
,,,,,
,,,,,
,,,,,
,,,,,
,,,,,
,,,,,
,,,,,
,,,,,
,,,,,
,,,,,
,,,,,
,,,,,
,,,,,
,,,,,
,,,,,
,,,,,
,,,,,
,,,,,
,,,,,
,,,,,
,,,,,
,,,,,
,,,,,
,,,,,
,,,,,
,,,,,
,,,,,
,,,,,
,,,,,
,,,,,
,,,,,
,,,,,
,,,,,
,,,,,
,,,,,
,,,,,
,,,,,
,,,,,
,,,,,
,,,,,
,,,,,
,,,,,
,,,,,
,,,,,
,,,,,
,,,,,
,,,,,
,,,,,
,,,,,
,,,,,
,,,,,
,,,,,
,,,,,
,,,,,
,,,,,
,,,,,
,,,,,
,,,,,
,,,,,
,,,,,
,,,,,
,,,,,
,,,,,
,,,,,
,,,,,
,,,,,
,,,,,
,,,,,
Downer - Fusion,Downer - Fusion Rate Card,2ORC-23-FLIP,2ORC-23-01-DPU-001,FB-04-01-07 - PON Power Meter Test,1
Downer - Fusion,Downer - Fusion Rate Card,2ORC-23-FLIP,2ORC-23-01-DPU-002,FB-04-01-07 - PON Power Meter Test,1
Downer - Fusion,Downer - Fusion Rate Card,2ORC-23-FLIP,2ORC-23-01-DPU-003,FB-04-01-07 - PON Power Meter Test,1
Downer - Fusion,Downer - Fusion Rate Card,2ORC-23-FLIP,2ORC-23-01-DPU-004,FB-04-01-07 - PON Power Meter Test,1
Downer - Fusion,Downer - Fusion Rate Card,2ORC-23-FLIP,2ORC-23-01-DPU-005,FB-04-01-07 - PON Power Meter Test,1
Downer - Fusion,Downer - Fusion Rate Card,2ORC-23-FLIP,2ORC-23-01-DPU-006,FB-04-01-07 - PON Power Meter Test,1
Downer - Fusion,Downer - Fusion Rate Card,2ORC-23-FLIP,2ORC-23-01-DPU-007,FB-04-01-07 - PON Power Meter Test,1
Downer - Fusion,Downer - Fusion Rate Card,2ORC-23-FLIP,2ORC-23-01-DPU-008,FB-04-01-07 - PON Power Meter Test,1
Downer - Fusion,Downer - Fusion Rate Card,2ORC-23-FLIP,2ORC-23-01-DPU-009,FB-04-01-07 - PON Power Meter Test,1
Downer - Fusion,Downer - Fusion Rate Card,2ORC-23-FLIP,2ORC-23-01-DPU-010,FB-04-01-07 - PON Power Meter Test,1
Downer - Fusion,Downer - Fusion Rate Card,2ORC-23-FLIP,2ORC-23-01-DPU-011,FB-04-01-07 - PON Power Meter Test,1
Downer - Fusion,Downer - Fusion Rate Card,2ORC-23-FLIP,2ORC-23-01-DPU-012,FB-04-01-07 - PON Power Meter Test,1
Downer - Fusion,Downer - Fusion Rate Card,2ORC-23-FLIP,2ORC-23-01-DPU-013,FB-04-01-07 - PON Power Meter Test,1
Downer - Fusion,Downer - Fusion Rate Card,2ORC-23-FLIP,2ORC-23-01-DPU-014,FB-04-01-07 - PON Power Meter Test,1
Downer - Fusion,Downer - Fusion Rate Card,2ORC-23-FLIP,2ORC-23-01-DPU-015,FB-04-01-07 - PON Power Meter Test,1
Downer - Fusion,Downer - Fusion Rate Card,2ORC-23-FLIP,2ORC-23-01-DPU-016,FB-04-01-07 - PON Power Meter Test,1
Downer - Fusion,Downer - Fusion Rate Card,2ORC-23-FLIP,2ORC-23-01-DPU-017,FB-04-01-07 - PON Power Meter Test,1
Downer - Fusion,Downer - Fusion Rate Card,2ORC-23-FLIP,2ORC-23-01-DPU-018,FB-04-01-07 - PON Power Meter Test,1
Downer - Fusion,Downer - Fusion Rate Card,2ORC-23-FLIP,2ORC-23-01-DPU-019,FB-04-01-07 - PON Power Meter Test,1
Downer - Fusion,Downer - Fusion Rate Card,2ORC-23-FLIP,2ORC-23-01-DPU-020,FB-04-01-07 - PON Power Meter Test,1
Downer - Fusion,Downer - Fusion Rate Card,2ORC-23-FLIP,2ORC-23-01-DPU-021,FB-04-01-07 - PON Power Meter Test,1
Downer - Fusion,Downer - Fusion Rate Card,2ORC-23-FLIP,2ORC-23-01-DPU-022,FB-04-01-07 - PON Power Meter Test,1
Downer - Fusion,Downer - Fusion Rate Card,2ORC-23-FLIP,2ORC-23-01-DPU-023,FB-04-01-07 - PON Power Meter Test,1
Downer - Fusion,Downer - Fusion Rate Card,2ORC-23-FLIP,2ORC-23-01-DPU-024,FB-04-01-07 - PON Power Meter Test,1
Downer - Fusion,Downer - Fusion Rate Card,2ORC-23-FLIP,2ORC-23-01-DPU-025,FB-04-01-07 - PON Power Meter Test,1
Downer - Fusion,Downer - Fusion Rate Card,2ORC-23-FLIP,2ORC-23-01-DPU-026,FB-04-01-07 - PON Power Meter Test,1
Downer - Fusion,Downer - Fusion Rate Card,2ORC-23-FLIP,2ORC-23-01-DPU-027,FB-04-01-07 - PON Power Meter Test,1
Downer - Fusion,Downer - Fusion Rate Card,2ORC-23-FLIP,2ORC-23-01-DPU-028,FB-04-01-07 - PON Power Meter Test,1
Downer - Fusion,Downer - Fusion Rate Card,2ORC-23-FLIP,2ORC-23-01-DPU-029,FB-04-01-07 - PON Power Meter Test,1
Downer - Fusion,Downer - Fusion Rate Card,2ORC-23-FLIP,2ORC-23-01-DPU-030,FB-04-01-07 - PON Power Meter Test,1
Downer - Fusion,Downer - Fusion Rate Card,2ORC-23-FLIP,2ORC-23-01-DPU-031,FB-04-01-07 - PON Power Meter Test,1
Downer - Fusion,Downer - Fusion Rate Card,2ORC-23-FLIP,2ORC-23-01-DPU-032,FB-04-01-07 - PON Power Meter Test,1
Downer - Fusion,Downer - Fusion Rate Card,2ORC-23-FLIP,2ORC-23-01-DPU-033,FB-04-01-07 - PON Power Meter Test,1
Downer - Fusion,Downer - Fusion Rate Card,2ORC-23-FLIP,2ORC-23-01-DPU-034,FB-04-01-07 - PON Power Meter Test,1
Downer - Fusion,Downer - Fusion Rate Card,2ORC-23-FLIP,2ORC-23-01-DPU-035,FB-04-01-07 - PON Power Meter Test,1
Downer - Fusion,Downer - Fusion Rate Card,2ORC-23-FLIP,2ORC-23-01-DPU-036,FB-04-01-07 - PON Power Meter Test,1
Downer - Fusion,Downer - Fusion Rate Card,2ORC-23-FLIP,2ORC-23-01-DPU-037,FB-04-01-07 - PON Power Meter Test,1
Downer - Fusion,Downer - Fusion Rate Card,2ORC-23-FLIP,2ORC-23-01-DPU-038,FB-04-01-07 - PON Power Meter Test,1
Downer - Fusion,Downer - Fusion Rate Card,2ORC-23-FLIP,2ORC-23-01-DPU-039,FB-04-01-07 - PON Power Meter Test,1
Downer - Fusion,Downer - Fusion Rate Card,2ORC-23-FLIP,2ORC-23-01-DPU-040,FB-04-01-07 - PON Power Meter Test,1
Downer - Fusion,Downer - Fusion Rate Card,2ORC-23-FLIP,2ORC-23-02-DPU-001,FB-04-01-07 - PON Power Meter Test,1
Downer - Fusion,Downer - Fusion Rate Card,2ORC-23-FLIP,2ORC-23-02-DPU-002,FB-04-01-07 - PON Power Meter Test,1
Downer - Fusion,Downer - Fusion Rate Card,2ORC-23-FLIP,2ORC-23-02-DPU-003,FB-04-01-07 - PON Power Meter Test,1
Downer - Fusion,Downer - Fusion Rate Card,2ORC-23-FLIP,2ORC-23-02-DPU-004,FB-04-01-07 - PON Power Meter Test,1
Downer - Fusion,Downer - Fusion Rate Card,2ORC-23-FLIP,2ORC-23-02-DPU-005,FB-04-01-07 - PON Power Meter Test,1
Downer - Fusion,Downer - Fusion Rate Card,2ORC-23-FLIP,2ORC-23-02-DPU-006,FB-04-01-07 - PON Power Meter Test,1
Downer - Fusion,Downer - Fusion Rate Card,2ORC-23-FLIP,2ORC-23-02-DPU-007,FB-04-01-07 - PON Power Meter Test,1
Downer - Fusion,Downer - Fusion Rate Card,2ORC-23-FLIP,2ORC-23-02-DPU-008,FB-04-01-07 - PON Power Meter Test,1
Downer - Fusion,Downer - Fusion Rate Card,2ORC-23-FLIP,2ORC-23-02-DPU-009,FB-04-01-07 - PON Power Meter Test,1
Downer - Fusion,Downer - Fusion Rate Card,2ORC-23-FLIP,2ORC-23-02-DPU-010,FB-04-01-07 - PON Power Meter Test,1
Downer - Fusion,Downer - Fusion Rate Card,2ORC-23-FLIP,2ORC-23-02-DPU-011,FB-04-01-07 - PON Power Meter Test,1
Downer - Fusion,Downer - Fusion Rate Card,2ORC-23-FLIP,2ORC-23-02-DPU-012,FB-04-01-07 - PON Power Meter Test,1
Downer - Fusion,Downer - Fusion Rate Card,2ORC-23-FLIP,2ORC-23-02-DPU-013,FB-04-01-07 - PON Power Meter Test,1
Downer - Fusion,Downer - Fusion Rate Card,2ORC-23-FLIP,2ORC-23-02-DPU-014,FB-04-01-07 - PON Power Meter Test,1
Downer - Fusion,Downer - Fusion Rate Card,2ORC-23-FLIP,2ORC-23-02-DPU-015,FB-04-01-07 - PON Power Meter Test,1
Downer - Fusion,Downer - Fusion Rate Card,2ORC-23-FLIP,2ORC-23-02-DPU-016,FB-04-01-07 - PON Power Meter Test,1
Downer - Fusion,Downer - Fusion Rate Card,2ORC-23-FLIP,2ORC-23-02-DPU-017,FB-04-01-07 - PON Power Meter Test,1
Downer - Fusion,Downer - Fusion Rate Card,2ORC-23-FLIP,2ORC-23-02-DPU-018,FB-04-01-07 - PON Power Meter Test,1
Downer - Fusion,Downer - Fusion Rate Card,2ORC-23-FLIP,2ORC-23-02-DPU-019,FB-04-01-07 - PON Power Meter Test,1
Downer - Fusion,Downer - Fusion Rate Card,2ORC-23-FLIP,2ORC-23-02-DPU-020,FB-04-01-07 - PON Power Meter Test,1
Downer - Fusion,Downer - Fusion Rate Card,2ORC-23-FLIP,2ORC-23-02-DPU-021,FB-04-01-07 - PON Power Meter Test,1
Downer - Fusion,Downer - Fusion Rate Card,2ORC-23-FLIP,2ORC-23-02-DPU-022,FB-04-01-07 - PON Power Meter Test,1
Downer - Fusion,Downer - Fusion Rate Card,2ORC-23-FLIP,2ORC-23-02-DPU-023,FB-04-01-07 - PON Power Meter Test,1
Downer - Fusion,Downer - Fusion Rate Card,2ORC-23-FLIP,2ORC-23-02-DPU-024,FB-04-01-07 - PON Power Meter Test,1
Downer - Fusion,Downer - Fusion Rate Card,2ORC-23-FLIP,2ORC-23-02-DPU-025,FB-04-01-07 - PON Power Meter Test,1
Downer - Fusion,Downer - Fusion Rate Card,2ORC-23-FLIP,2ORC-23-02-DPU-026,FB-04-01-07 - PON Power Meter Test,1
Downer - Fusion,Downer - Fusion Rate Card,2ORC-23-FLIP,2ORC-23-02-DPU-027,FB-04-01-07 - PON Power Meter Test,1
Downer - Fusion,Downer - Fusion Rate Card,2ORC-23-FLIP,2ORC-23-02-DPU-033,FB-04-01-07 - PON Power Meter Test,1
Downer - Fusion,Downer - Fusion Rate Card,2ORC-23-FLIP,2ORC-23-02-DPU-034,FB-04-01-07 - PON Power Meter Test,1
Downer - Fusion,Downer - Fusion Rate Card,2ORC-23-FLIP,2ORC-23-02-DPU-045,FB-04-01-07 - PON Power Meter Test,1
Downer - Fusion,Downer - Fusion Rate Card,2ORC-23-FLIP,2ORC-23-02-DPU-052,FB-04-01-07 - PON Power Meter Test,1
Downer - Fusion,Downer - Fusion Rate Card,2ORC-23-FLIP,2ORC-23-02-DPU-053,FB-04-01-07 - PON Power Meter Test,1
Downer - Fusion,Downer - Fusion Rate Card,2ORC-23-FLIP,2ORC-23-02-DPU-054,FB-04-01-07 - PON Power Meter Test,1
