Item Number,Contract,Project Name,Document Name,Issue,Date Submitted,Response Date,Number of days since submission,Number of days from payment Schedule to payment,Variation Claim Amount,Total Payment Claim Amount,Comments,,Date,,,,,,,,,,
1221,A417 MDU New Devs,MW22435-AYCA-5576QH-2TGL-02-3 Ghersi Ave Wambera,Variation Proposal,Approved,10/5/18,11/14/18,40d,,,,,,,,,Terms,,,,,,,
1222,A401 Greenfields,"MW417R001092-AYCA-5GPSWE-TTFN-2CAM-20-100A- 100B Northcote Street, Canterburry",Payment Claim,Payment Schedule Received,10/8/18,10/16/18,8d,2d,,,Payment Date 18/10/18,,10/18/18,,,,,,,,,,
1223,A417 MDU New Devs,"MW417R000741-AYCA-4BC75L-2BLK-11-Fairwater Boulevard, Blacktown",Payment Claim,Payment Schedule Received,10/8/18,10/12/18,4d,7d,,,Payment Date 19/10/18,,10/19/18,,,Request for PC,,10 Business day from Submission,,,,,
1224,A417 MDU New Devs,"MW417R000704-AYCA-57Y170-2BRY-01-17 Hitchcocks Ln, Berry",Variation Proposal,Approved,10/9/18,11/14/18,36d,,,,,,,,,,,,,,,,
1225,A401 Greenfields,"MW417R001195--AYCA-5D4EG4-2CAS-238 Totness Court, Castle Hill ",Payment Claim,Payment Schedule Received,10/8/18,10/12/18,4d,3d,,,Payment Date 15/10/18,,10/15/18,,,Variation Proposal,,10 Business day from Submission,,,,,
1226,A401 Greenfields,"MW417R001196-AYCA-5CYZU8-2ROU-02-12 Highgate Circuit, Kellyville",Payment Claim,Payment Schedule Received,10/8/18,10/12/18,4d,3d,,,Payment Date 15/10/18,,10/15/18,,,,,,,,,,
1227,A417 FttC Serviceability,MW417R001252-2KYO-20-STELLAR NPDL_MWR (A417)- Kyogle,Variation Proposal,Approved,10/5/18,10/11/18,6d,,,,,,,,,Payment Claim ,,15 Business days form Submission,,,,,
1228,A417 FttC Serviceability,MW417R000557-2POR-20-STELLAR NPDL_MWR (A417)-Portland,Variation Proposal,Approved,10/5/18,10/11/18,6d,,,,,,,,,,,,,,,,
1229,A417 FttC Serviceability,MW417R000541-2DRG-20-STELLAR NPDL_MWR (A417)-Dorrigo,Request for PC,Approved,10/8/18,10/18/18,10d,,,,,,,,,,,,,,,,
1230,A417 FttC Serviceability,MW417R000541-2DRG-20-STELLAR NPDL_MWR (A417)-Dorrigo,Variation Proposal,Approved,10/8/18,10/18/18,10d,,,,,,,,,,,,,,,,
1231,A417 MDU New Devs,"MW417R000704-AYCA-57Y170-2BRY-01-17 Hitchcocks Ln, Berry",Request for PC,Approved,10/9/18,10/18/18,9d,,,,,,,,,,,,,,,,
1232,A417 MDU New Devs,"MW417R000395 - AYCA-56PP6W-2BAN-67-55-57 Chelmsford Ave, Bankstown",Variation Proposal,Approved,10/9/18,11/14/18,36d,,,,,,,,,,,,,,,,
1233,A401 Greenfields,MW22433-AYCA-4OJUJI-2GLB-04-20 Cathcart St Goulburn ,Payment Claim,Payment Schedule Received,10/9/18,10/16/18,7d,2d,,,Payment Date 18/10/18,,10/18/18,,,,,,,,,,
1234,A417 MDU New Devs,MW417R001487-AYCA-55ZVL2-2ROU-03-45 Foxall Rd Kellyville ,Request for PC,Approved,10/10/18,10/23/18,13d,,,,,,,,,,,,,,,,
1235,A417 MDU New Devs,"MW417R000757-AYCA-59CA2X-2PTH-02-13 Stafford St, Kingswood",Request for PC,Approved,10/10/18,10/23/18,13d,,,,,,,,,,,,,,,,
1236,A417 FttC Serviceability,MW417R001247-2WLH-20-STELLAR NPDL_MWR (A417)-Walcha,Variation Proposal,Approved,10/4/18,10/9/18,5d,,,,,,,,,,,,,,,,
1237,A417 FttC Serviceability,MW417R001247-2WLH-20-STELLAR NPDL_MWR (A417)-Walcha,Payment Claim,Payment Schedule Received,10/10/18,10/16/18,6d,2d,,,Payments date 18/10/18,,10/18/18,,,,,,,,,,
1238,A417 MDU New Devs,"MW417R000211-AYCA-56B97M-2SEF-61-1 Tangerine St, Fairfield East",Variation Proposal,Approved,10/10/18,11/14/18,35d,,,,,,,,,,,,,,,,
1239,A417 MDU New Devs,MW417R000893-AYCA-59DV6W - 2CRR-72-Carramar HFC DFN,Variation Proposal,Approved,10/12/18,11/14/18,33d,,,,V2 submitted 27/11/18,,,,,,,,,,,,
1240,A417 FttC Serviceability,MW417R000550 - 2MIR-24 - STELLAR NPDL_MWR (A417)-Miranda,Variation Proposal,Approved,10/12/18,10/24/18,12d,,,,Second approval on the 20/11/18 due to reduction of Variation,,,,,,,,,,,,
1241,A401 Greenfields,MW417R000844-AYCA-5K7QBN - 9QBN-03-74 Uriarra Road NSB,Request for PC,Approved,9/27/18,10/12/18,15d,,,,,,,,,,,,,,,,
1242,A401 Greenfields,MW417R000844-AYCA-5K7QBN - 9QBN-03-74 Uriarra Road NSB,Variation Proposal,Approved,9/27/18,10/11/18,14d,,,,,,,,,,,,,,,,
1243,A417 FttC Serviceability,MW417R000545-2ERP-20-STELLAR NPDL_MWR (A417)-Eastern Creek,Payment Claim,Payment Schedule Received,10/12/18,10/26/18,14d,3d,,,Payment Date 29/10/18,,10/29/18,,,,,,,,,,
1244,A417 FttC Serviceability,MW417R000554-2NYG-20-STELLAR NPDL_MWR (A417)-Nyngan ,Payment Claim,Payment Schedule Received,10/12/18,10/24/18,12d,6d,,,Payment Date 30/10/17,,10/30/18,,,,,,,,,,
1245,A417 FttC Serviceability,MW417R000557-2POR-20-STELLAR NPDL_MWR (A417)-Portland,Payment Claim,Payment Schedule Received,10/12/18,10/22/18,10d,8d,,,Payment Date 30/10/18,,10/30/18,,,,,,,,,,
1246,A417 FttC Serviceability,MW417R001252-2KYO-20-STELLAR NPDL_MWR (A417)- Kyogle,Payment Claim,Payment Schedule Received,10/12/18,10/22/18,10d,3d,,,Payment Date 25/10/18,,10/25/18,,,,,,,,,,
1247,A417 MDU New Devs,"MW417R001246-AYCA-5FA5OM-2MIR-24-4-6 Crammond Boulevard, Caringbah Ext",Request for PC,Approved,10/12/18,10/25/18,13d,,,,,,,,,,,,,,,,
1248,A417 MDU New Devs,MW22579-AYCA-4R1C1M-2RIV-07-William St Riverstone,Payment Claim,Payment Schedule Received,10/12/18,10/16/18,6,2d,,,Payment Date 18/10/18,,10/18/18,,,,,,,,,,
1249,A401 Greenfields,MW417R000844-AYCA-5K7QBN - 9QBN-03-74 Uriarra Road NSB,Payment Claim,Payment Schedule Received,10/12/18,10/16/18,4d,2d,,,Payment Date 18/10/18,,10/18/18,,,,,,,,,,
1250,A417 MDU New Devs,"MW417R001036 - AYCA-4QEPUO - 2YAS-01 - 23 Rossi St, Yass",Payment Claim,Payment Schedule Received,10/12/18,10/16/18,4d,2d,,,Payment Date 18/10/18,,10/18/18,,,,,,,,,,
1251,A417 MDU New Devs,MW417R000742-AYCA-4E9HF0-2MTT-03--Mittagong,Request for PC,Approved,10/15/18,10/26/18,11d,,,,,,,,,,,,,,,,
1252,A417 MDU New Devs,"MW417R000970 - AYCA-4Q27NU - 2BRG-03 - 50 Raby Rd, Gledswood Hills",Request for PC,Approved,10/2/18,10/15/18,13d,,,,,,,,,,,,,,,,
1253,A417 MDU New Devs,MW417R000775-AYCA-5A18P2-2PKE-04-249 Shellharbour Rd Warrawong,Variation Proposal,Approved,10/15/18,11/14/18,30d,,,,,,,,,,,,,,,,
1254,A417 MDU New Devs,"MW417R001246-AYCA-5FA5OM-2MIR-24-4-6 Crammond Boulevard, Caringbah Ext",Variation Proposal,Approved,10/16/18,11/14/18,29d,,,,,,,,,,,,,,,,
1255,A417 MDU New Devs,MW417R000742-AYCA-4E9HF0-2MTT-03--Mittagong,Variation Proposal,Approved,10/16/18,10/24/18,8d,,,,,,,,,,,,,,,,
1256,A417 MDU New Devs,"MW417R001276-AYCA-50T2L6-2TUM-20-76 Capper St, Tumut",Request for PC,Approved,10/16/18,10/29/18,13d,,,,,,,,,,,,,,,,
1257,A417 MDU New Devs,"MW417R001276-AYCA-50T2L6-2TUM-20-76 Capper St, Tumut",Variation Proposal,Approved,10/16/18,10/24/18,8d,,,,,,,,,,,,,,,,
1258,A417 MDU New Devs,"MW417R001525-AYCA-4NOC4P-2MIR-22-40 Cawarra Road, Caringbah",Request for PC,Approved,10/17/18,10/29/18,12d,,,,,,,,,,,,,,,,
1259,A417 MDU New Devs,"MW417R000970 - AYCA-4Q27NU - 2BRG-03 - 50 Raby Rd, Gledswood Hills",Variation Proposal,Approved,10/16/18,11/14/18,29d,,,,,,,,,,,,,,,,
1260,A417 MDU New Devs,MW22346-AYCA-50FP2M-2ROU-03-Oxlade Street Kellyville,Variation Proposal,Approved,10/11/18,10/22/18,11d,,,,Variation No.1,,,,,,,,,,,,
1261,A417 MDU New Devs,MW22346-AYCA-50FP2M-2ROU-03-Oxlade Street Kellyville,Variation Proposal,Approved,10/18/18,10/26/18,8d,,,,Variation No.2,,,,,,,,,,,,
1262,A417 FttC Serviceability,MW417R000166-2MIR-31-STELLAR NPDL_MWR (A417)-Miranda,Payment Claim,Payment Schedule Received,10/22/18,10/26/18,4d,3d,,,Payment Date 29/10/18,,10/29/18,,,,,,,,,,
1263,A417 MDU New Devs,MW417R000091-AYCA-57S6JD-2REV-20-50/42 Violet St Revesby ,Request for PC,Approved,10/18/18,10/30/18,12d,,,,,,,,,,,,,,,,
1264,A417 MDU New Devs,"MW417R000461-AYCA-5AXHNZ-2SIL-02-4 Murray Rose Ave, Sydney Olympic Park",Variation Proposal,Approved,10/16/18,11/14/18,29d,,,,,,,,,,,,,,,,
1265,A417 FttC Serviceability,MW417R000541-2DRG-20-STELLAR NPDL_MWR (A417)-Dorrigo,Payment Claim,Payment Schedule Received,10/22/18,10/26/18,4d,3d,,,Payment Date 29/10/18,,10/29/18,,,,,,,,,,
1266,A417 MDU New Devs,MW417R001335-AYCA-4RH5YY-2ROU-01-32 George St Box Hill ,Variation Proposal,Approved,10/8/18,11/13/18,36d,,,,V2 Approved,,,,,,,,,,,,
1267,A417 MDU New Devs,"MW417R001525-AYCA-4NOC4P-2MIR-22-40 Cawarra Road, Caringbah",Variation Proposal,Approved,10/17/18,11/14/18,28d,,,,,,,,,,,,,,,,
1268,A417 MDU New Devs,"MW417R001659-AYCA-54E9AY-2MER-21-RESIDENTIAL ESTATE - 4 (Block A & B), Picton",Request for PC,Approved,10/23/18,11/2/18,10d,,,,,,,,,,,,,,,,
1269,A417 MDU New Devs,MW22284-AYCA-4KZ476-2PTH-02-38-40 Doonmore St Penrith,Variation Proposal,Waiting for Approval,10/23/18,11/27/18,35d,,,,,,,,,,,,,,,,
1270,A417 MDU New Devs,MW417R001335-AYCA-4RH5YY-2ROU-01-32 George St Box Hill ,Payment Claim,Waiting for Approval,11/14/18,,89d 19h 32m 49s,,"$2,606.44","$3,939.88",,,2/11/19,,,,,,,,,,
1271,A417 MDU New Devs,MW417R001487-AYCA-55ZVL2-2ROU-03-45 Foxall Rd Kellyville ,Payment Claim,Payment Schedule Received,10/23/18,10/26/18,3d,3d,,,Payment Date 29/10/18,,10/29/18,,,,,,,,,,
1272,A417 MDU New Devs,"MW417R000757-AYCA-59CA2X-2PTH-02-13 Stafford St, Kingswood",Variation Proposal,Approved,10/16/18,10/24/18,8d,,,,,,,,,,,,,,,,
1273,A417 MDU New Devs,"MW417R000461-AYCA-5AXHNZ-2SIL-02-4 Murray Rose Ave, Sydney Olympic Park",Request for PC,Approved,10/10/18,10/23/18,13d,,,,,,,,,,,,,,,,
1274,A417 MDU New Devs,"MW417R001661-AYCA-5JRURV-9BLC-20-37 Belconnen Way, Weetangera, ACT",Request for PC,Approved,10/23/18,10/31/18,8d,,,,,,,,,,,,,,,,
1275,A417 MDU New Devs,MW417R000091-AYCA-57S6JD-2REV-20-50/42 Violet St Revesby ,Variation Proposal,Approved,10/23/18,11/27/18,35d,,,,,,,,,,,,,,,,
1276,A401 Greenfields,MW22191-AYCA-4Z4FSB - 2MIL-20 -  Mainfreight Logistics - 1,Request for PC,Approved,10/18/18,10/30/18,12d,,,,,,,,,,,,,,,,
1277,A417 MDU New Devs,MW417R001659-AYCA-54E9AY-2MER-21-RESIDENTIAL ESTATE - 4 (Block A & B),Variation Proposal,Approved,10/23/18,11/27/18,35d,,,,,,,,,,,,,,,,
1278,A417 MDU New Devs,"MW417R001661-AYCA-5JRURV-9BLC-20-37 Belconnen Way, Weetangera, ACT Ext",Variation Proposal,Waiting for Approval,10/24/18,11/27/18,34d,,,,v2 submitted 30/10/18,,,,,,,,,,,,
1279,A401 Greenfields,MW22191-AYCA-4Z4FSB - 2MIL-20 -  Mainfreight Logistics - 1,Variation Proposal,Approved,10/24/18,11/27/18,34d,,,,,,,,,,,,,,,,
1280,A417 MDU New Devs,"MW417R000157-AYCA-4A46K7-2PAR-63-208-210 Great Western Hwy, Westmead DFN Design & Construct",Request for PC,Approved,10/19/18,11/2/18,14d,,,,,,,,,,,,,,,,
1281,A417 MDU New Devs,"MW417R000157-AYCA-4A46K7-2PAR-63-208-210 Great Western Hwy, Westmead DFN Design & Construct",Variation Proposal,Approved,10/24/18,11/2/18,9d,,,,V2 Variation Submitted 27/11/18,,,,,,,,,,,,
1282,A417 MDU New Devs,MW417R000775-AYCA-5A18P2-2PKE-04-249 Shellharbour Rd Warrawong,Request for PC,Approved,10/15/18,10/24/18,9d,,,,,,,,,,,,,,,,
1283,A417 FttC Serviceability,MW417R000550 - 2MIR-24 - STELLAR NPDL_MWR (A417)-Miranda,Payment Claim,Payment Schedule Received,10/25/18,11/13/18,19d,2d,,,"Payment Date 15/11/18
Issue with Variation Cliam Deduction required to 9 EUPs",,11/15/18,,,,,,,,,,
1284,A417 MDU New Devs,"MW417R000757-AYCA-59CA2X-2PTH-02-13 Stafford St, Kingswood",Payment Claim,Payment Schedule Received,10/25/18,11/7/18,13d,6d,,,Payment Date 13/11/18,,11/13/18,,,,,,,,,,
1285,A417 MDU New Devs,"MW22296-AYCA-4RB8MD-2LID-03-2 Clarke St, Berala",Request for PC,Approved,10/26/18,11/9/18,14d,,,,,,,,,,,,,,,,
1286,A417 MDU New Devs,"MW417R001447-AYCA-5A2PE8-9CRC-06-35 Pademelon St, Throsby, ACT",Payment Claim,Payment Schedule Received,10/29/18,11/2/18,4d,4d,,,Payment Date 6/11/18,,11/6/18,,,,,,,,,,
1287,A417 MDU New Devs,"MW417R000397-AYCA-5BX3DW-2NEW-23-7-9 Hutchinson St, St Peters - 1",Payment Claim,Payment Schedule Received,10/29/18,11/2/18,4d,11d,,,Payment date 13/11/18,,11/13/18,,,,,,,,,,
1288,A417 MDU New Devs,"MW417R001249-AYCA-5FHVE5-2ORG-06-71 Bletchington Street, Orange Ext",Payment Claim,Payment Schedule Received,10/29/18,11/9/18,11d,4d,,,Payment date 13/11/18,,11/13/18,,,,,,,,,,
1289,A417 MDU New Devs,MW417R001420-AYCA-5FHVE5-2ORG-06-71 Bletchington Street Orange Int,Payment Claim,Payment Schedule Received,10/29/18,11/2/18,4d,4d,,,Payment Date 6/11/18,,11/6/18,,,,,,,,,,
1290,A417 MDU New Devs,MW22346-AYCA-50FP2M-2ROU-03-Oxlade Street Kellyville,Payment Claim,Payment Schedule Received,10/29/18,11/5/18,7d,8d,,,Payment date 13/11/18,,11/13/18,,,,,,,,,,
1291,A417 MDU New Devs,MW417R000742-AYCA-4E9HF0-2MTT-03--Mittagong,Payment Claim,Payment Schedule Received,10/29/18,11/2/18,4d,4d,,,Payment Date 8/11/18,,11/6/18,,,,,,,,,,
1292,A417 MDU New Devs,"MW417R001276-AYCA-50T2L6-2TUM-20-76 Capper St, Tumut",Payment Claim,Payment Schedule Received,10/29/18,11/5/18,7d,,,,Payment Date,,,,,,,,,,,,
1293,A417 MDU New Devs,MW417R000494-AYCA-21R8AP-2WLG-07-12-14 New Dapto Rd Wollongong,Request for PC,Approved,10/30/18,11/13/18,14d,,,,,,,,,,,,,,,,
1294,A417 FttC Serviceability,MW417R001125-2BMG-20-STELLAR NPDL Bermagui,Request for PC,Approved,10/31/18,11/13/18,13d,,,,,,,,,,,,,,,,
1295,A417 FttC Serviceability,MW417R001131-2MYA-01-STELLAR NPDL-Moruya,Request for PC,Approved,10/31/18,11/13/18,13d,,,,,,,,,,,,,,,,
1296,A417 MDU New Devs,"MW417R000243-AYCA-56I886-2ASH-64-47 Cecil St, Ashfield",Request for PC,Approved,10/31/18,11/13/18,13d,,,,,,,,,,,,,,,,
1297,A417 MDU New Devs,"MW417R000707-AYCA-4QHVO8-2CHL-07-13-15 Pacific Hwy, Gateshead",Request for PC,Approved,11/5/18,11/16/18,11d,,,,,,,,,,,,,,,,
1298,A417 MDU New Devs,"MW417R000157-AYCA-4A46K7-2PAR-63-208-210 Great Western Hwy, Westmead DFN Design & Construct",Payment Claim,Waiting for Approval,11/6/18,,97d 19h 32m 49s,,"$53,952.11","$78,996.68",V2 Variation Submitted 27/11/18,,2/11/19,,,,,,,,,,
1299,A417 MDU New Devs,MW417R000494-AYCA-21R8AP-2WLG-07-12-14 New Dapto Rd Wollongong,Variation Proposal,Approved,10/31/18,11/27/18,27d,,,,,,,,,,,,,,,,
1300,A417 MDU New Devs,MW417R001115-AYCA-591MZC-2CRO-21-CRONULLA 88 DEVELOPMENTS ,Payment Claim,Approved,11/5/18,11/19/18,14d,,,,Payment Date,,,,,,,,,,,,
1301,A417 MDU New Devs,"MW417R000051-AYCA-55JW1J-2BOT-01-180 – 188 Maroubra Rd, Maroubra ",Variation Proposal,Approved,9/24/18,10/31/18,37d,,,,,,,,,,,,,,,,
1302,A417 MDU New Devs,"MW417R000051-AYCA-55JW1J-2BOT-01-180 – 188 Maroubra Rd, Maroubra ",Payment Claim,Payment Schedule Received,11/6/18,11/19/18,13d,2d,,,Payment Date 21/11/18,,11/21/18,,,,,,,,,,
1303,A417 MDU New Devs,"MW417R001847-AYCA-5K3OHQ-9KBA-23-93 Ivo Whitton Circuit, Kambah",Request for PC,Approved,11/5/18,11/16/18,11d,,,,,,,,,,,,,,,,
1304,A401 Greenfields,"MW417R000460 - AYCA-58DKIW - 2GFT-20 - 43 Jondaryan Avenue, Griffith",Request for PC,Approved,11/6/18,11/19/18,13d,,,,,,,,,,,,,,,,
1305,Business segment,MW417R000847-AYCA-5I9AIZ-BS-2GFT-21-11 Fairfax Demand Fibre Griffith,Request for PC,Approved,10/29/18,11/26/18,28d,,,,,,,,,,,,,,,,
1306,Business segment,MW417R000847-AYCA-5I9AIZ-BS-2GFT-21-11 Fairfax Demand Fibre Griffith,Variation Proposal,Approved,11/9/18,11/20/18,11d,,,,,,,,,,,,,,,,
1307,A417 MDU New Devs,"MW417R001847-AYCA-5K3OHQ-9KBA-23-93 Ivo Whitton Circuit, Kambah",Variation Proposal,Approved,11/7/18,11/22/18,15d,,,,,,,,,,,,,,,,
1308,A417 MDU New Devs,MW417R000129-AYCA-4CG9U4-2KNS-04-29-31 Dunning Avenue Rosebery ,Request for PC,Approved,11/5/18,11/16/18,11d,,,,,,,,,,,,,,,,
1309,A417 MDU New Devs,"MW417R000707-AYCA-4QHVO8-2CHL-07-13-15 Pacific Hwy, Gateshead",Variation Proposal,Waiting for Approval,11/20/18,,83d 19h 32m 49s,,"$12,707.51","$23,361.25",Awiting on PO for Permanent Resto,,2/11/19,,,,,,,,,,
1310,A401 Greenfields,"MW417R001461-AYCA-5IWI3A-2WLL-20-26 Queen St, Stockton ",Request for PC,Approved,11/9/18,11/23/18,14d,,,,,,,,,,,,,,,,
1311,A401 Greenfields,MW417R001266-AYCA-56GQ2L-2RCH-02-62 Argyle Street South Windsor NSB,Request for PC,Approved,11/9/18,11/23/18,14d,,,,,,,,,,,,,,,,
1312,A417 MDU New Devs,"MW417R002021-AYCA-4IIZWC-2STL-66-28 Albany St, St Leonards DFN HFC",Commencemnet Payment,Payment Schedule Received,11/12/18,11/15/18,3d,,,,Payment date 15/11/18,,,,,,,,,,,,
1313,Business segment,"MW417R001948-2LIV-04-AYCA-5BV5Z8-SHOP M4, LEVEL 2, WESTFIELD LIVERPOOL",Request for PC,Approved,11/5/18,11/23/18,18d,,,,,,,,,,,,,,,,
1314,Business segment,"MW417R001948-2LIV-04-AYCA-5BV5Z8-SHOP M4, LEVEL 2, WESTFIELD LIVERPOOL",Variation Proposal,Approved,11/11/18,11/20/18,9d,,,,,,,,,,,,,,,,
1315,Business segment,"MW417R001950-2LIV-04-AYCA-5BV5ZG-SHOP DDS1, LEVEL 2, WESTFIELD LIVERPOOL",Request for PC,Waiting for Approval,11/7/18,,96d 19h 32m 49s,,"$5,746.39","$11,706.66",,,2/11/19,,,,,,,,,,
1316,Business segment,"MW417R001950-2LIV-04-AYCA-5BV5ZG-SHOP DDS1, LEVEL 2, WESTFIELD LIVERPOOL",Variation Proposal,Approved,11/9/18,11/20/18,11d,,,,,,,,,,,,,,,,
1317,Business segment,"MW417R001951-2PTH-05-AYCA-5BXC7Q-SHOP 01A2, LEVEL 1, 585 HIGH STREET",Request for PC,Approved,11/5/18,11/21/18,16d,,,,,,,,,,,,,,,,
1318,Business segment,"MW417R001951-2PTH-05-AYCA-5BXC7Q-SHOP 01A2, LEVEL 1, 585 HIGH STREET",Variation Proposal,Approved,11/12/18,11/20/18,8d,,,,,,,,,,,,,,,,
1319,Business segment,"MW417R001952-2PTH-05-AYCA-5BXC7I-SHOP A5, FLOOR 2, 585 HIGH STREET, PENRITH",Request for PC,Approved,11/5/18,11/21/18,16d,,,,,,,,,,,,,,,,
1320,Business segment,"MW417R001953-2ROC-02-AYCA-5BXC86-DAN MURPHYS, 78-98 ARNCLIFFE STREET",Request for PC,Approved,11/5/18,11/21/18,16d,,,,,,,,,,,,,,,,
1321,Business segment,"MW417R001953-2ROC-02-AYCA-5BXC86-DAN MURPHYS, 78-98 ARNCLIFFE STREET",Variation Proposal,Approved,11/12/18,11/20/18,8d,,,,,,,,,,,,,,,,
1322,Business segment,"MW417R001954-2ROC-02-AYCA-5BXC8E-WOOLWORTHS, SHOP 1, 78-98 ARNCLIFFE STREET",Request for PC,Approved,11/5/18,11/21/18,16d,,,,,,,,,,,,,,,,
1323,Business segment,"MW417R001954-2ROC-02-AYCA-5BXC8E-WOOLWORTHS, SHOP 1, 78-98 ARNCLIFFE STREET",Variation Proposal,Approved,11/12/18,11/20/18,8d,,,,,,,,,,,,,,,,
1324,Business segment,"MW417R001955-2NRN-02-AYCA-5GNS0T-SHOP 1, 11-13 MAIN STREET, MOUNT ANNAN",Request for PC,Approved,11/5/18,11/21/18,16d,,,,,,,,,,,,,,,,
1325,Business segment,"MW417R001956-2CBT-02-AYCA-5GNRZH-WOOLWORTHS, SHOP MO1, MARKETFAIR",Request for PC,Approved,11/5/18,11/21/18,16d,,,,,,,,,,,,,,,,
1326,Business segment,"MW417R001956-2CBT-02-AYCA-5GNRZH-WOOLWORTHS, SHOP MO1, MARKETFAIR",Variation Proposal,Approved,11/9/18,11/20/18,11d,,,,,,,,,,,,,,,,
1327,Business segment,"MW417R001961 - 2ABN-02 - AYCA-5GN6MZ - SHOP 2, 1 RUSSELL STREET, ALBION PARK",Request for PC,Approved,11/5/18,11/21/18,16d,,,,,,2/11/19,,,,,,,,,,
1328,Business segment,"MW417R001961 - 2ABN-02 - AYCA-5GN6MZ - SHOP 2, 1 RUSSELL STREET, ALBION PARK",Variation Proposal,Approved,11/9/18,11/20/18,11d,,,,,,,,,,,,,,,,
1329,A401 Greenfields,"MW417R001216 - AYCA-56GE93 - 2NMN-20 -10 Dandaloo St, Narromine",Request for PC,Approved,11/12/18,11/23/18,11d,,,,,,,,,,,,,,,,
1330,A401 Greenfields,"MW417R001216 - AYCA-56GE93 - 2NMN-20 -10 Dandaloo St, Narromine",Variation Proposal,Waiting for Approval,11/12/18,11/20/18,8d,,,,,,2/11/19,,,,,,,,,,
1331,A417 MDU New Devs,"MW417R002068 - AYCA-5PIVSY -2BTH-02 -  11 Lombard Drive, Robin Hill Ext",Request for PC,Waiting for Approval,11/13/18,,90d 19h 32m 49s,,,,,,2/11/19,,,,,,,,,,
1332,A417 MDU New Devs,"MW417R002068 - AYCA-5PIVSY -2BTH-02 -  11 Lombard Drive, Robin Hill Ext",Variation Proposal,Waiting for Approval,11/13/18,,90d 19h 32m 49s,,"$4,822.63","$11,330.15",,,2/11/19,,,,,,,,,,
1333,A417 MDU New Devs,"MW417R002023 - AYCA-5PIVSY -2BTH-02 -  11 Lombard Drive, Robin Hill Int",Request for PC,Waiting for Approval,11/13/18,,90d 19h 32m 49s,,,"$3,184.17",,,2/11/19,,,,,,,,,,
1334,A401 Greenfields,"MW417R000460 - AYCA-58DKIW - 2GFT-20 - 43 Jondaryan Avenue, Griffith",Variation Proposal,Approved,11/13/18,11/23/18,10d,,,,,,,,,,,,,,,,
1335,A417 FttC Serviceability,MW417R001125-2BMG-20-STELLAR NPDL Bermagui,Variation Proposal,Approved,11/14/18,11/23/18,9d,,,,,,,,,,,,,,,,
1336,A417 FttC Serviceability,MW417R001131-2MYA-01-STELLAR NPDL-Moruya,Variation Proposal,Waiting for Approval,11/14/18,11/23/18,9d,,,,,,,,,,,,,,,,
1337,Business segment,"MW417R001952-2PTH-05-AYCA-5BXC7I-SHOP A5, FLOOR 2, 585 HIGH STREET, PENRITH",Variation Proposal,Approved,11/14/18,11/22/18,8d,,,,,,,,,,,,,,,,
1338,A417 MDU New Devs,"MW417R000243-AYCA-56I886-2ASH-64-47 Cecil St, Ashfield",Variation Proposal,Waiting for Approval,11/14/18,,89d 19h 32m 49s,,"$24,700.93","$27,565.15",,,2/11/19,,,,,,,,,,
1339,A417 MDU New Devs,"MW22296-AYCA-4RB8MD-2LID-03-2 Clarke St, Berala",Variation Proposal,Waiting for Approval,11/13/18,,90d 19h 32m 49s,,"$15,057.09","$15,799.89",,,2/11/19,,,,,,,,,,
1340,A417 MDU New Devs,MW417R000129-AYCA-4CG9U4-2KNS-04-29-31 Dunning Avenue Rosebery ,Variation Proposal,Waiting for Approval,11/14/18,,89d 19h 32m 49s,,"$5,374.42","$6,637.42",,,2/11/19,,,,,,,,,,
1341,A417 MDU New Devs,"MW417R001737-YCA-5L49UP-2PEN-64-A4 Water Street, Wentworthville ",Request for PC,Approved,11/8/18,11/23/18,15d,,,,,,,,,,,,,,,,
1342,A417 MDU New Devs,"MW417R001737-YCA-5L49UP-2PEN-64-A4 Water Street, Wentworthville ",Variation Proposal,Waiting for Approval,11/14/18,,89d 19h 32m 49s,,,,,,2/11/19,,,,,,,,,,
1343,A401 Greenfields,"MW417R001461-AYCA-5IWI3A-2WLL-20-26 Queen St, Stockton ",Variation Proposal,Approved,11/14/18,11/23/18,9d,,,,,,,,,,,,,,,,
1344,A401 Greenfields,"MW417R001768-AYCA-5GWBTB-2TAH-01-4 Davies Place, Picton",Request for PC,Approved,11/8/18,11/23/18,15d,,,,,,,,,,,,,,,,
1345,A401 Greenfields,"MW417R001768-AYCA-5GWBTB-2TAH-01-4 Davies Place, Picton",Variation Proposal,Approved,11/14/18,11/23/18,9d,,,,,,,,,,,,,,,,
1346,A417 MDU New Devs,MW22435-AYCA-5576QH-2TGL-02-3 Ghersi Ave Wambera,Payment Claim,Payment Schedule Received,11/21/18,11/23/18,2d,,,,Payment date,,,,,,,,,,,,
1347,A417 MDU New Devs,"MW417R000395 - AYCA-56PP6W-2BAN-67-55-57 Chelmsford Ave, Bankstown",Payment Claim,Waiting for Approval,11/21/18,,82d 19h 32m 49s,,"$5,347.31","$11,575.64",,,2/11/19,,,,,,,,,,
1348,A417 MDU New Devs,"MW417R000704-AYCA-57Y170-2BRY-01-17 Hitchcocks Ln, Berry",Payment Claim,Payment Schedule Received,11/21/18,11/26/18,5d,,,,Payment Date,,,,,,,,,,,,
1349,A417 MDU New Devs,"MW417R000211-AYCA-56B97M-2SEF-61-1 Tangerine St, Fairfield East",Payment Claim,Payment Schedule Received,11/21/18,11/26/18,5d,,,,Payment Date,,,,,,,,,,,,
1350,A417 MDU New Devs,MW417R000893-AYCA-59DV6W - 2CRR-72-Carramar HFC DFN,Payment Claim,Waiting for Approval,11/21/18,,82d 19h 32m 49s,,"$34,613.25","$46,700.49",V2 submitted 27/11/18,,2/11/19,,,,,,,,,,
1351,A417 MDU New Devs,MW417R000775-AYCA-5A18P2-2PKE-04-249 Shellharbour Rd Warrawong,Payment Claim,Payment Schedule Received,11/21/18,11/27/18,6d,,,,Payment Date,,,,,,,,,,,,
1352,A417 MDU New Devs,"MW417R001246-AYCA-5FA5OM-2MIR-24-4-6 Crammond Boulevard, Caringbah Ext",Payment Claim,Payment Schedule Received,11/21/18,11/27/18,6d,,,,Payment Date,,,,,,,,,,,,
1353,A417 MDU New Devs,"MW417R000461-AYCA-5AXHNZ-2SIL-02-4 Murray Rose Ave, Sydney Olympic Park",Payment Claim,Payment Schedule Received,11/21/18,11/27/18,6d,,,,Payment Date,,,,,,,,,,,,
1354,A417 MDU New Devs,"MW417R000970 - AYCA-4Q27NU - 2BRG-03 - 50 Raby Rd, Gledswood Hills",Payment Claim,Payment Schedule Received,11/21/18,11/27/18,6d,,,,Payment Date,,,,,,,,,,,,
1355,A417 MDU New Devs,"MW417R001525-AYCA-4NOC4P-2MIR-22-40 Cawarra Road, Caringbah",Payment Claim,Waiting for Approval,11/21/18,11/27/18,6d,,,,Payment Date ,,,,,,,,,,,,
1356,Business segment,"MW417R001955-2NRN-02-AYCA-5GNS0T-SHOP 1, 11-13 MAIN STREET, MOUNT ANNAN",Variation Proposal,Approved,11/15/18,11/22/18,7d,,,,,,,,,,,,,,,,
1357,A417 FttC Serviceability,MW417R001262-2WAL-20-STELLAR NPDL_MWR (A417)-Wallerawang,Variation Proposal,Approved,11/19/18,11/23/18,4d,,,,,,,,,,,,,,,,
1358,A401 Greenfields,MW21395 - 2BTH-01 - AYCA-4LYVIU - Arndilly - 2,Request for PC,Waiting for Approval,11/16/18,,87d 19h 32m 49s,,,,,,2/11/19,,,,,,,,,,
1359,A401 Greenfields,MW21395 - 2BTH-01 - AYCA-4LYVIU - Arndilly - 2,Variation Proposal,Waiting for Approval,11/16/18,,87d 19h 32m 49s,,"$3,300.75","$8,103.12",,,2/11/19,,,,,,,,,,
1360,A417 MDU New Devs,"MW417R000773-AYCA-4P6YWU- 2SHH-05-11 Kite Pl, Blackbutt Externals",Request for PC,Waiting for Approval,11/16/18,,87d 19h 32m 49s,,,,,,2/11/19,,,,,,,,,,
1361,A417 MDU New Devs,"MW417R000773-AYCA-4P6YWU- 2SHH-05-11 Kite Pl, Blackbutt Externals",Variation Proposal,Waiting for Approval,11/16/18,,87d 19h 32m 49s,,"$6,499.25","$8,734.90",,,2/11/19,,,,,,,,,,
1362,A417 MDU New Devs,MW417R000875-AYCA-4P6YWU-2SHH-05-11 Kite Pl Blackbutt Internals,Request for PC,Waiting for Approval,11/16/18,,87d 19h 32m 49s,,,"$1,990.10",,,2/11/19,,,,,,,,,,
1363,A417 MDU New Devs,"MW417R001770 - AYCA-5N4YCV - 2BTH-02 - 5 Watt Drive, Robin Hill Ext",Request for PC,Waiting for Approval,11/20/18,,83d 19h 32m 49s,,,"$1,946.85",,,2/11/19,,,,,,,,,,
1364,A417 MDU New Devs,MW417R001968 - AYCA-5N4YCV - 2BTH-02 - 5 Watt Drive Robin Hill Int,Request for PC,Waiting for Approval,11/20/18,,83d 19h 32m 49s,,,$398.02,,,2/11/19,,,,,,,,,,
1365,A401 Greenfields,"MW417R001078-AYCA-4WVWPI-2ORG-04-31 Molong Road, Orange ",Request for PC,Waiting for Approval,11/20/18,,83d 19h 32m 49s,,,"$4,573.02",,,2/11/19,,,,,,,,,,
1366,A417 MDU New Devs,"MW22094-AYCA-4LM7HH-2UND-61-590-602 New Canterbury Rd, Hurlstone Park",Variation Proposal,Waiting for Approval,11/21/18,,82d 19h 32m 49s,,"$11,918.41","$14,492.92",,,2/11/19,,,,,,,,,,
1367,Business segment,"MW417R001961 - 2ABN-02 - AYCA-5GN6MZ - SHOP 2, 1 RUSSELL STREET, ALBION PARK",Payment Claim,Waiting for Approval,11/23/18,,80d 19h 32m 49s,,"$5,870.02","$12,672.62",,,2/11/19,,,,,,,,,,
1368,Business segment,"MW417R001956-2CBT-02-AYCA-5GNRZH-WOOLWORTHS, SHOP MO1, MARKETFAIR",Payment Claim,Waiting for Approval,11/23/18,,80d 19h 32m 49s,,"$2,892.16","$8,683.53",,,2/11/19,,,,,,,,,,
1369,Business segment,"MW417R001958-2SHH-04-AYCA-5GNS19-SHOP 1097, 211 LAKE ENTRANCE ROAD",Request for PC,Waiting for Approval,11/13/18,,90d 19h 32m 49s,,,,,,2/11/19,,,,,,,,,,
1370,Business segment,"MW417R001958-2SHH-04-AYCA-5GNS19-SHOP 1097, 211 LAKE ENTRANCE ROAD",Variation Proposal,Approved,11/13/18,11/22/18,9d,,"$5,236.06","$14,514.50",,,,,,,,,,,,,
1371,Business segment,"MW417R001954-2ROC-02-AYCA-5BXC8E-WOOLWORTHS, SHOP 1, 78-98 ARNCLIFFE STREET",Payment claim,Waiting for Approval,11/23/18,,80d 19h 32m 49s,,"$2,556.18","$7,300.50",,,2/11/19,,,,,,,,,,
1372,Business segment,"MW417R001953-2ROC-02-AYCA-5BXC86-DAN MURPHYS, 78-98 ARNCLIFFE STREET",Payment claim,Waiting for Approval,11/23/18,,80d 19h 32m 49s,,"$3,398.74","$4,897.88",,,2/11/19,,,,,,,,,,
1373,Business segment,"MW417R001951-2PTH-05-AYCA-5BXC7Q-SHOP 01A2, LEVEL 1, 585 HIGH STREET",Payment claim,Waiting for Approval,11/23/18,,80d 19h 32m 49s,,"$11,413.77","$14,328.64",,,2/11/19,,,,,,,,,,
1374,Business segment,"MW417R001952-2PTH-05-AYCA-5BXC7I-SHOP A5, FLOOR 2, 585 HIGH STREET, PENRITH",Payment claim,Waiting for Approval,11/23/18,,80d 19h 32m 49s,,"$8,228.31","$22,093.79",,,2/11/19,,,,,,,,,,
1375,Business segment,"MW417R001955-2NRN-02-AYCA-5GNS0T-SHOP 1, 11-13 MAIN STREET, MOUNT ANNAN",Payment claim,Waiting for Approval,11/23/18,,80d 19h 32m 49s,,"$3,137.48","$16,250.71",,,2/11/19,,,,,,,,,,
1376,A417 MDU New Devs,"MW417R001847-AYCA-5K3OHQ-9KBA-23-93 Ivo Whitton Circuit, Kambah",Payment claim,Waiting for Approval,11/23/18,,80d 19h 32m 49s,,$357.12,"$3,605.62",,,2/11/19,,,,,,,,,,
1377,A417 FttC Serviceability,MW417R001129 - 2KRI-01 - STELLAR NPDL-Kurri Kurri,Request for PC,Waiting for Approval,11/23/18,,80d 19h 32m 49s,,,,,,2/11/19,,,,,,,,,,
1378,A417 FttC Serviceability,MW417R001257-2KRI-20-STELLAR NPDL_MWR (A417)-Kurri kurri,Request for PC,Approved,11/23/18,11/27/18,4d,,,,,,,,,,,,,,,,
1379,A417 FttC Serviceability,MW417R000560 - 2SPW-28 - STELLAR NPDL_MWR (A417)-Springwood,Request for PC,Waiting for Approval,11/23/18,,80d 19h 32m 49s,,,,,,2/11/19,,,,,,,,,,
1380,A417 FttC Serviceability,MW417R000556-2ORC-21-STELLAR NPDL_MWR (A417)-Orchard Hills,Request for PC,Waiting for Approval,11/23/18,,80d 19h 32m 49s,,,,,,2/11/19,,,,,,,,,,
1381,A417 FttC Serviceability,MW417R000546 - 2ERP-21 STELLAR NPDL_MWR (A417)-Erskine Park,Request for PC,Waiting for Approval,11/23/18,,80d 19h 32m 49s,,,,,,2/11/19,,,,,,,,,,
1382,A417 FttC Serviceability,MW417R000552-2MON-28-STELLAR NPDL_MWR (A417) - Mona Vale,Request for PC,Waiting for Approval,11/23/18,,80d 19h 32m 49s,,,,,,2/11/19,,,,,,,,,,
1383,A401 Greenfields,MW21097 - 2LIV-04 - AYCA-476RM9 - NSB - 87-91 Campbell St Build,Request for PC,Approved,11/12/18,11/23/18,11d,,,,,,,,,,,,,,,,
1384,A401 Greenfields,MW21097 - 2LIV-04 - AYCA-476RM9 - NSB - 87-91 Campbell St Build,Variation Proposal,Waiting for Approval,11/27/18,,76d 19h 32m 49s,,"$11,072.91","$19,846.85",,,2/11/19,,,,,,,,,,
1385,A401 Greenfields,"MW417R001216 - AYCA-56GE93 - 2NMN-20 -10 Dandaloo St, Narromine",Payment Claim,Waiting for Approval,11/26/18,,77d 19h 32m 49s,,"$2,969.86","$13,612.97",,,2/11/19,,,,,,,,,,
1386,A401 Greenfields,MW417R001266-AYCA-56GQ2L-2RCH-02-62 Argyle Street South Windsor NSB,Variation Proposal,Waiting for Approval,11/19/18,,84d 19h 32m 49s,,"$3,479.04","$4,439.04",,,2/11/19,,,,,,,,,,
1387,Business segment,"MW417R001948-2LIV-04-AYCA-5BV5Z8-SHOP M4, LEVEL 2, WESTFIELD LIVERPOOL",Payment Claim,Waiting for Approval,11/26/18,,77d 19h 32m 49s,,"$1,293.94","$20,492.84",,,2/11/19,,,,,,,,,,
1388,A417 FttC Serviceability,MW417R001125-2BMG-20-STELLAR NPDL Bermagui,Payment Claim,Waiting for Approval,11/26/18,,77d 19h 32m 49s,,"$103,826.76","$120,348.16",,,2/11/19,,,,,,,,,,
1389,A417 FttC Serviceability,MW417R001262-2WAL-20-STELLAR NPDL_MWR (A417)-Wallerawang,Payment Claim,Waiting Approval,11/27/18,,76d 19h 32m 49s,,"$33,294.28","$42,138.50",,,2/11/19,,,,,,,,,,
1390,A417 FttC Serviceability,MW417R001131-2MYA-01-STELLAR NPDL-Moruya,Payment Claim,Waiting for Approval,11/26/18,,77d 19h 32m 49s,,"$27,144.99","$50,206.21",,,2/11/19,,,,,,,,,,
1391,A417 FttC Serviceability,MW417R001262-2WAL-20-STELLAR NPDL_MWR (A417)-Wallerawang,Request for PC,Approved,11/14/18,11/27/18,13d,,,,,,,,,,,,,,,,
1392,Business segment,"MW417R001610-AYCA-5NNV14-2NBR-20-30 Barwan Street, Narrabri",Request for PC,Waiting Approval,11/26/18,,77d 19h 32m 49s,,,"$16,366.01",,,2/11/19,,,,,,,,,,
1393,A417 FttC Serviceability,MW417R000560 - 2SPW-28 - STELLAR NPDL_MWR (A417)-Springwood,Variation Proposal,Waiting for Approval,11/26/18,,77d 19h 32m 49s,,"$109,618.14","$130,968.58",,,2/11/19,,,,,,,,,,
1394,A401 Greenfields,"MW417R000460 - AYCA-58DKIW - 2GFT-20 - 43 Jondaryan Avenue, Griffith",Payment Claim,Waiting for Approval,11/27/18,,76d 19h 32m 49s,,"$9,226.87","$22,186.50",,,2/11/19,,,,,,,,,,
1395,A401 Greenfields,"MW417R001461-AYCA-5IWI3A-2WLL-20-26 Queen St, Stockton ",Payment Claim,Waiting for Approval,11/26/18,,77d 19h 32m 49s,,"$20,596.11","$28,880.44",,,2/11/19,,,,,,,,,,
1396,A401 Greenfields,"MW417R001768-AYCA-5GWBTB-2TAH-01-4 Davies Place, Picton",Payment Claim,Waiting for Approval,11/27/18,,76d 19h 32m 49s,,$785.91,"$7,274.64",,,2/11/19,,,,,,,,,,
1397,Business segment,MW417R000847-AYCA-5I9AIZ-BS-2GFT-21-11 Fairfax Demand Fibre Griffith,Payment Claim,Waiting for Approval,11/27/18,,76d 19h 32m 49s,,"$5,659.37","$22,358.03",,,2/11/19,,,,,,,,,,
1398,A417 FttC Serviceability,MW417R000556-2ORC-21-STELLAR NPDL_MWR (A417)-Orchard Hills,Variation Proposal,Waiting for Approval,11/27/18,,76d 19h 32m 49s,,"$58,402.84","$67,346.58",,,2/11/19,,,,,,,,,,
1399,A401 Greenfields,MW22191-AYCA-4Z4FSB - 2MIL-20 -  Mainfreight Logistics - 1,Payment Claim,,,,,,-$158.48,"$41,255.18",,,2/11/19,,,,,,,,,,
1400,A417 MDU New Devs,MW22284-AYCA-4KZ476-2PTH-02-38-40 Doonmore St Penrith,Payment Claim,,,,,,"$4,568.29","$10,358.30",,,2/11/19,,,,,,,,,,
1401,A417 MDU New Devs,MW417R000091-AYCA-57S6JD-2REV-20-50/42 Violet St Revesby ,Payment Claim,,,,,,"$10,096.87","$12,667.40",,,2/11/19,,,,,,,,,,
1402,A417 MDU New Devs,"MW417R001661-AYCA-5JRURV-9BLC-20-37 Belconnen Way, Weetangera, ACT Ext",Payment Claim,,,,,,"$3,447.03","$9,325.23",,,2/11/19,,,,,,,,,,
1403,A417 MDU New Devs,MW417R001659-AYCA-54E9AY-2MER-21-RESIDENTIAL ESTATE - 4 (Block A & B),Payment Claim,,,,,,"$2,343.82","$11,694.19",,,2/11/19,,,,,,,,,,
1404,A417 MDU New Devs,MW417R000494-AYCA-21R8AP-2WLG-07-12-14 New Dapto Rd Wollongong,Payment Claim,,,,,,"$1,599.58","$2,622.46",,,2/11/19,,,,,,,,,,
1405,,,,,,,,,,,,,2/11/19,,,,,,,,,,
,,,,,,,,,,,,,,,,,,,,,,,
,,,,,,,,,,,,,,,,,,,,,,,
,,,,,,,,,,,,,,,,,,,,,,,
,,,,,,,,,,,,,,,,,,,,,,,
,,,,,,,,,,,,,,,,,,,,,,,
,,,,,,,,,,,,,,,,,,,,,,,
,,,,,,,,,,,,,,,,,,,,,,,
,,,,,,,,,"$639,004.46","$1,039,772.21",,,,,,,,,,,,,
,,,,,,,,,,,,,,,,,,,,,,,
,,,,,,,,,,,,,,,,,,,,,,,
,, ,,,,,,,,,,,,,,,,,,,,,
,,,,,,,,,,,,,,,,,,,,,,,
,,,,,,,,,,,,,,,,,,,,,,,
,,,,,,,,,,,,,,,,,,,,,,,
,,,,,,,,,,,,,,,,,,,,,,,
,,,,,,,,,,,,,,,,,,,,,,,
,,,,,,,,,,,,,,,,,,,,,,,
,,,,,,,,,,,,,,,,,,,,,,,
,,,,,,,,,,,,,,,,,,,,,,,
,,,,,,,,,,,,,,,,,,,,,,,
,,,,,,,,,,,,,,,,,,,,,,,
,,Row Labels,Sum of Total Payment Claim Amount,,,,,,,,,,,,,,,,,,,,
,,A401 Greenfields,"$150,171.76",,,,,,,,,,,,,,,,,,,,
,,A417 FttC Serviceability,"$411,008.03",,,,,,,,,,,,,,,,,,,,
,,A417 MDU New Devs,"$306,926.71",,,,,,,,,,,,,,,,,,,,
,,Business segment,"$171,665.71",,,,,,,,,,,,,,,,,,,,
,,Grand Total,"$1,039,772.21",,,,,,,,,,,,,,,,,,,,