Company,Invoice No,Date of Invoice,Payment Month,Client,FSAM / Job,FDA,Cat,Amount,,,,,,,,,,,,,,,,
Altus,Inv 9507818,5/7/17,6/30/17,AARNet,AARNet,ICQ-315 IPT2073 WSU Parramatta Square Western Lead-in,AARNet,$975.97,,,,,,,,,,,,,,,,
Altus,Inv 9507819,5/7/17,6/30/17,AARNet,AARNet,ICQ-315 IPT2073 WSU Parramatta Square Western Lead-in,AARNet,"$1,776.88",,,,,,,,,,,,,,,,
Altus,Inv 9507859,5/7/17,6/30/17,AARNet,AARNet,ICQ-315 IPT2073 WSU Parramatta Square Western Lead-in,AARNet,"$1,195.95",,,,,,,,,,,,,,,,
Altus,Inv 9512031,6/11/17,7/31/17,AARNet,AARNet,ICQ-459 IPT2506 NSW HEALTH AUBURN HOSPITAL  ,AARNet,$614.04,,,,,,,,,,,,,,,,
COG,Inv 1100,6/21/17,7/31/17,AARNet,AARNet,ICQ-459 IPT2506 NSW HEALTH AUBURN HOSPITAL  ,AARNet,$559.78,,,,,,,,,,,,,,,,
COG,Inv 1078,6/15/17,7/31/17,AARNet,AARNet,ICQ-459 IPT2506 NSW HEALTH AUBURN HOSPITAL  ,AARNet,"$3,056.15",,,,,,,,,,,,,,,,
Craig Comms,Inv 9506687,4/30/17,7/31/17,NBN Co,NBN Minor Works,MW20680 - 2BLK-02/07 - MPS-032 & MPS-010,NBN Minor Works,"$1,501.72",,,,,,,,,,,,,,,,
Craig Comms,Inv 1803487,6/11/17,7/31/17,NBN Co,NBN Greenfields,MW20532 - 2WYO-01 - AYCA-47OSBM - Pacific Business Centre,NBN Greenfields,$549.22,,,,,,,,,,,,,,,,
Altus,Inv 9513752,6/30/17,7/31/17,NBN Co,NBN Greenfields,MW20554 - AYCA-2DO5HN - MNJG 145 Princes Hwy Dapto - 1,NBN Greenfields,$235.00,,,,,,,,,,,,,,,,
Sand 4 U,Inv 16233,6/19/17,7/31/17,AARNet,AARNet,ICQ-459 IPT2506 NSW HEALTH AUBURN HOSPITAL  ,AARNet,$77.27,,,,,,,,,,,,,,,,
Rainer,Inv 003,7/2/17,8/31/17,Visionstream ,FTTB Survey and Design,2DAL-24 MPS-008,Visionstream ,$90.00,,,,,,,,,,,,,,,,
Central Coast Council,Inv 987582.99 374012,6/28/17,7/31/17,NBN Co,NBN Minor Works,MW20104 2GOS-06 LNDN Koala,NBN Minor Works,"$1,925.79",,,,,,,,,,,,,,,,
Altus,Inv 9508561,5/14/17,6/30/17,AARNet,AARNet,ICQ-315 IPT2073 WSU Parramatta Square Western Lead-in,AARNet,$609.58,,,,,,,,,,,,,,,,
Altus,Inv 9513611,6/25/17,7/31/17,NBN Co,NBN A417,MW20615 - AYCA-3ZMQUE - Grove Family Trust – 1,NBN Greenfields,$235.00,,,,,,,,,,,,,,,,
Altus,Inv 9513612,6/25/17,7/31/17,NBN Co,NBN Greenfields,MW20698 - AYCA-1SQ3K5 - 189 Macquarie Street,NBN Greenfields,$235.00,,,,,,,,,,,,,,,,
Altus,Inv 9513613,6/25/17,7/31/17,NBN Co,NBN Greenfields,MW20767 - AYCA-1PM9JB - 2GRA-64 - Merrylands Rd,NBN Greenfields,$235.00,,,,,,,,,,,,,,,,
Altus,Inv 9513614,6/25/17,7/31/17,NBN Co,NBN Greenfields,"MW20648-2KEL-03 -AYCA-3BH4IQ - Lot A, 8 Merriville Road - 1",NBN Greenfields,$235.00,,,,,,,,,,,,,,,,
KSJDA,Inv 17,7/9/17,8/31/17,NBN Co,NBN Greenfields,MW20436 - AYCA-3B8YY0 - Warrana Place – 2,NBN Greenfields,"$4,740.05",,,,,,,,,,,,,,,,
Quibcon,Inv 532,7/27/17,8/31/17,AARNet,AARNet,ICQ-315 IPT2073 WSU Parramatta Square Western Lead-in,AARNet,"$7,000.00",,,,,,,,,,,,,,,,
Craig Comms,Inv 1803532,7/17/17,8/31/17,AARNet,AARNet,ICQ-459 IPT2506 NSW HEALTH AUBURN HOSPITAL  ,AARNet,"$3,870.83",,,,,,,,,,,,,,,,
Craig Comms,Inv 1803528,7/14/17,8/31/17,NBN Co,NBN Greenfields,MW20436 - AYCA-3B8YY0 - Warrana Place – 2,NBN Greenfields,"$5,402.66",,,,,,,,,,,,,,,,
COG,Inv 1207,7/30/17,8/31/17,AARNet,AARNet,ICQ-315 IPT2073 WSU Parramatta Square Western Lead-in,AARNet,$581.00,,,,,,,,,,,,,,,,
Schokmans,Inv 2293,8/8/17,9/30/17,NBN Co,NBN Greenfields,MW20729 - COR-04 - AYCA-4D6AY6 - 94 POPES RD,NBN Greenfields,"$10,667.80",,,,,,,,,,,,,,,,
Schokmans,Inv 2294,8/9/17,9/30/17,NBN Co,NBN Greenfields,"MW20604 - AYCA-46I5YX - 878 Pacific Hwy, Lisarow",NBN Greenfields,"$4,792.94",,,,,,,,,,,,,,,,
Schokmans,Inv 2295,8/9/17,9/30/17,NBN Co,NBN Greenfields,MW20927 - 2ASH-61 - AYCA-482KZM - Lionsgate Projects – 1,NBN Greenfields,"$4,280.95",,,,,,,,,,,,,,,,
Altus,Inv 9517404,8/6/17,9/30/17,AARNet,AARNet,ICQ-315 IPT2073 WSU Parramatta Square Western Lead-in,AARNet,$752.23,,,,,,,,,,,,,,,,
Altus,Inv 951738,8/6/17,9/30/17,NBN Co,NBN Minor Works,MW20764 - 2BLK-12-07 - Lot 21 Western MTQY/2 Rudders/Unit 40 - 15 Valediction,NBN Minor Works,"$1,396.00",,,,,,,,,,,,,,,,
Altus,Inv 9516894,7/30/17,8/31/17,AARNet,AARNet,ICQ-315 IPT2073 WSU Parramatta Square Western Lead-in,AARNet,"$2,234.21",,,,,,,,,,,,,,,,
Craig Comms,Inv 1803569,8/7/17,9/30/17,NBN Co,NBN Greenfields,"MW20367 - AYCA-3H6ZBG - 2NRN-03 - 61 Smeaton Grange Rd,",NBN Greenfields,"$1,574.16",,,,,,,,,,,,,,,,
Alliance Geotechnical,Inv 0203,9/5/17,10/31/17,NBN Co,NBN Greenfields,MW21223 - AYCA-2568YW - 25 29 Harbour St,NBN Greenfields,$150.00,,,,,,,,,,,,,,,,
Craig Comms,Inv 1803572,8/7/17,9/30/17,NBN Co,NBN Greenfields,"MW20385 - AYCA-38OMCL - 6 Hepher Rd, Campbelltown",NBN Greenfields,"$1,702.74",,,,,,,,,,,,,,,,
Altus,inv 9518845,8/27/17,9/30/17,NBN Co,NBN Greenfields,MW21223 - AYCA-2568YW - 25 29 Harbour St,NBN Greenfields,"$2,149.98",,,,,,,,,,,,,,,,
Schokmans,Inv 2324,9/7/17,10/31/17,NBN Co,NBN Greenfields,MW20875 - ACYA-3W8TJD - 31-33 Irelands Road Blacktown ,NBN Greenfields,"$2,573.97",,,,,,,,,,,,,,,,
Schokmans,Inv 2339,9/8/17,10/31/17,NBN Co,NBN Greenfields,"MW20806 - 2EPS-61 -AYCA-42J4C9– 54 Tyrone Place, Erskine Park - Loscam",NBN Greenfields,"$6,233.70",,,,,,,,,,,,,,,,
Schokmans,Inv 2338,9/8/17,10/31/17,NBN Co,NBN Greenfields,MW21095 - AYCA-4K6BDG - Melito Drive Externals,NBN Greenfields,"$4,155.96",,,,,,,,,,,,,,,,
Schokmans,Inv 2337,9/8/17,10/31/17,NBN Co,NBN Greenfields,MW21062 - AYCA-4IDMPC- 2REV-20 - 9 Fitzpatrick St - 1,NBN Greenfields,"$1,725.57",,,,,,,,,,,,,,,,
Schokmans,Inv 2336,9/8/17,10/31/17,NBN Co,NBN Greenfields,MW20585 - AYCA-3KUUY6 - 2WOY-09 - Brittwood ,NBN Greenfields,"$8,914.77",,,,,,,,,,,,,,,,
Schokmans,Inv 2309,8/23/17,9/30/17,Visionstream ,FTTB Build ,2DAL-23 MPS-004,Visionstream ,"$1,736.50",,,,,,,,,,,,,,,,
Schokmans,Inv 2310,8/23/17,9/30/17,Visionstream ,FTTB Build ,2DAL-23 MPS-003,Visionstream ,"$2,300.00",,,,,,,,,,,,,,,,
OS Cable Services,Inv 27,8/25/17,9/30/17,NBN Co,NBN Minor Works,MW20495 - 2CBT-09 - MPS-01 - FTTN-FTTB Construction ,NBN Minor Works,"$3,479.84",,,,,,,,,,,,,,,,
OS Cable Services,Inv 26,8/25/17,9/30/17,NBN Co,NBN Greenfields,MW21092 - AYCA-1NGPGW - 2BRG-03Gledswood,NBN Greenfields,"$5,539.70",,,,,,,,,,,,,,,,
L&M Trenchless,INV 4045A,9/7/17,10/31/17,NBN Co,NBN Minor Works,MW20764 - 2BLK-12-07 - Lot 21 Western MTQY/2 Rudders/Unit 40 - 15 Valediction,NBN Minor Works,"$6,331.58",,,,,,,,,,,,,,,,
Schokmans,Inv 2341,9/13/17,10/31/17,NBN Co,NBN Greenfields,MW20941 - AYCA-2KQ04J -2KEL-01 - 112 Hambledon,NBN Greenfields,"$1,039.30",,,,,,,,,,,,,,,,
Schokmans,Inv 2340,9/13/17,10/31/17,NBN Co,NBN Greenfields,MW20628 - AYCA-32PR0X - 2ROU-03 - 21 Hezlett Rd Kellyville 1,NBN Greenfields,"$3,682.66",,,,,,,,,,,,,,,,
KSJDA,Inv 17/1108,9/22/17,10/31/17,NBN Co,NBN Greenfields,MW21209 - AYCA-4K7VB2 -2TWH-05 - River Views – 1,NBN Greenfields,"$1,265.00",,,,,,,,,,,,,,,,
Schokmans,Inv 2366,10/6/17,11/30/17,NBN Co,NBN Greenfields,MW20966 - 2BLK-11 - AYCA-3W8LJB - 42-44 Norfolk St,NBN Greenfields,"$5,913.37",,,,,,,,,,,,,,,,
Schokmans,Inv 2367,10/6/17,11/30/17,NBN Co,NBN Greenfields,MW20844 - 2TAH-02 - AYCA-3YUT4L - Brundah Road - 1,NBN Greenfields,"$4,307.25",,,,,,,,,,,,,,,,
Schokmans,Inv 2365,10/6/17,11/30/17,NBN Co,NBN Greenfields,MW20817 - 2LIV-12 - 2QUA – 02- 2PTH-02 - Glenfield_Margo_Jamison,NBN Greenfields,"$1,257.96",,,,,,,,,,,,,,,,
Schokmans,Inv 2364,10/6/17,11/30/17,NBN Co,NBN Greenfields,MW20798 - AYCA-2LT5GF - Castlereagh Street - 1,NBN Greenfields,"$3,046.80",,,,,,,,,,,,,,,,
Schokmans,Inv 2363,10/6/17,11/30/17,NBN Co,NBN Greenfields,MW20318 - AYCA-35AM2J - NENSW0608 - Yarrandale Road,NBN Greenfields,"$2,317.00",,,,,,,,,,,,,,,,
Hills Council,PO 0308,10/6/17,,NBN Co,NBN Greenfields,MW21085 - 2ROU-02 - AYCA-47PV52 - Non Standard Builds - 22-24 Barry Road ,NBN Greenfields,"$4,410.54",,,,,,,,,,,,,,,,
Altus,Inv 9517888,8/13/17,9/30/17,AARNet,AARNet,ICQ-315 IPT2073 WSU Parramatta Square Western Lead-in,AARNet,"$1,230.26",,,,,,,,,,,,,,,,
Pacific Utilities,Inv 0224,10/9/17,11/30/17,Visionstream ,FTTB Build ,2DAL-24 MPS-008,Visionstream ,"$1,610.00",,,,,,,,,,,,,,,,
LCC,Inv 10251,8/31/17,9/30/17,NBN Co,NBN Greenfields,MW21223 - AYCA-2568YW - 25 29 Harbour St,NBN Greenfields,"$8,825.86",,,,,,,,,,,,,,,,
Schokmans,Inv 2383,10/20/17,11/30/17,NBN Co,NBN Greenfields,MW20939 - AYCA-2Y4BYB -2PEN-64 - 344 GWH Wentworthville – 1- EXTERNAL,NBN Greenfields,"$1,975.17",,,,,,,,,,,,,,,,
Schokmans,Inv 2382,10/20/17,11/30/17,NBN Co,NBN Greenfields,MW21250 - AYCA-4BEC9X-2LIV-68-The Birdwood,NBN Greenfields,"$4,549.53",,,,,,,,,,,,,,,,
Schokmans,Inv 2381,10/20/17,11/30/17,NBN Co,NBN Greenfields,MW21015 - AYCA-1Z6XAC -1-9 Florence Street & 19-23 Quinn Street ,NBN Greenfields,"$20,850.84",,,,,,,,,,,,,,,,
Schokmans,Inv 2378,10/20/17,11/30/17,NBN Co,NBN Greenfields,MW21015 - AYCA-1Z6XAC -1-9 Florence Street & 19-23 Quinn Street ,NBN Greenfields,"$1,000.00",,,,,,,,,,,,,,,,
Schokmans,Inv 2379,10/20/17,11/30/17,NBN Co,NBN Greenfields,MW20844 - 2TAH-02 - AYCA-3YUT4L - Brundah Road - 1,NBN Greenfields,"$1,810.66",,,,,,,,,,,,,,,,
Schokmans,Inv 2380,10/20/17,11/30/17,NBN Co,NBN Minor Works,"MW20812 - 2WLG-01 - 2LIV-04 - Crown, Kembla, Macquarie, George",NBN Minor Works,$550.00,,,,,,,,,,,,,,,,
Schokmans,Inv 2320,9/5/17,10/31/17,NBN Co,NBN Greenfields,MW20585 - AYCA-3KUUY6 - 2WOY-09 - Brittwood ,NBN Greenfields,"$1,000.00",,,,,,,,,,,,,,,,
Rainer,Inv 0004,10/24/17,11/30/17,AARNet,AARNet,ICQ-459 IPT2506 NSW HEALTH AUBURN HOSPITAL  ,AARNet,$450.00,,,,,,,,,,,,,,,,
Craig Comms,Inv 1803621,10/16/17,11/30/17,NBN Co,NBN Greenfields,MW20821 - AYCA-45D358 NSB Albuera Close -  BUILD,NBN Greenfields,"$6,043.99",,,,,,,,,,,,,,,,
Craig Comms,Inv 1803622,10/16/17,11/30/17,NBN Co,NBN Greenfields,MW21052 - 2MAI-11 - AYCA-3OLAP3-WA Brown INTERNAL,NBN Greenfields,"$6,294.34",,,,,,,,,,,,,,,,
Craig Comms,Inv 1803629,10/16/17,11/30/17,NBN Co,NBN Greenfields,MW20939 - AYCA-2Y4BYB -2PEN-64 - 344 GWH Wentworthville – 1- EXTERNAL,NBN Greenfields,$763.84,,,,,,,,,,,,,,,,
Craig Comms,Inv 1803630,10/16/17,11/30/17,NBN Co,NBN Greenfields,MW21015 - AYCA-1Z6XAC -1-9 Florence Street & 19-23 Quinn Street ,NBN Greenfields,"$5,914.06",,,,,,,,,,,,,,,,
OS Cable Services,Inv 25,8/19/17,9/30/17,AARNet,AARNet,ICQ-315 IPT2073 WSU Parramatta Square Western Lead-in,AARNet,"$3,500.00",,,,,,,,,,,,,,,,
KSJDA,Inv 17/1153,11/16/17,12/31/17,NBN Co,NBN Greenfields,MW21209 - AYCA-4K7VB2 -2TWH-05 - River Views – 1,NBN Greenfields,$748.00,,,,,,,,,,,,,,,,
Craig Comms,Inv 1803661,11/24/17,12/31/17,NBN Co,NBN A417,MW21478-AYCA-4PIZ8V  -2MYF-02 - The Furnace - 1 – EXTERNAL    ,NBN New Devs,"$1,746.62",,,,,,,,,,,,,,,,
Schokmans,Inv 2415,11/27/17,12/31/17,NBN Co,NBN A417,MW21104 - AYCA-3UHHF8-2LIV-12-25 Glenfield Road ,NBN New Devs,"$2,227.08",,,,,,,,,,,,,,,,
Schokmans,Inv 2416,11/27/17,12/31/17,NBN Co,NBN A401,"MW20812 - 2WLG-01 - 2LIV-04 - Crown, Kembla, Macquarie, George",NBN Brownfields,"$7,533.95",,,,,,,,,,,,,,,,
Schokmans,Inv 2417,11/27/17,12/31/17,NBN Co,NBN A417,MW21471 - AYCA-2T1HEY -2KIL-63 - RIDGE CENTRE - 1-E XTERNAL ,NBN New Devs,"$2,357.52",,,,,,,,,,,,,,,,
Schokmans,Inv 2418,11/27/17,12/31/17,NBN Co,NBN A401,MW21512 - AYCA-4IUR86 - 2NLT-09 - Clarendene - 1,NBN New Devs,"$3,416.80",,,,,,,,,,,,,,,,
Schokmans,Inv 2419,11/27/17,12/31/17,NBN Co,NBN A401,MW21285 - AYCA-496F3H - 2MSV-04 - 8 Bendooley Street Bowral,NBN New Devs,"$7,890.75",,,,,,,,,,,,,,,,
Schokmans,Inv 2420,11/27/17,12/31/17,NBN Co,NBN A417,MW21483 - AYCA-2Y1KQS - Charles Banks – 1- EXTERNAL,NBN New Devs,"$5,541.28",,,,,,,,,,,,,,,,
Schokmans,Inv 2422,11/27/17,12/31/17,NBN Co,NBN A417,MW20692 - AYCA-2HTGPP - Scalabrini Village Residential,NBN New Devs,"$7,738.49",,,,,,,,,,,,,,,,
Schokmans,Inv 2423,11/27/17,12/31/17,NBN Co,NBN A417,MW21425 - AYCA-2IQYU1 - 2LIV-04 - Macquaire St Development – 1-EXTERNAL,NBN New Devs,"$2,365.75",,,,,,,,,,,,,,,,
Schokmans,Inv 2431,11/29/17,12/31/17,NBN Co,NBN A417,MW21452 - AYCA-4FFBGM - 2PIT-01 - The Oaks Development,NBN New Devs,"$6,437.11",,,,,,,,,,,,,,,,
LCC,Inv 10255,10/17/17,11/30/17,NBN Co,NBN A401,MW20865 - AYCA-2K3SGD - 2NWR-03 - Elian Crescent 1.,NBN New Devs,"$1,480.00",,,,,,,,,,,,,,,,
LCC,Inv 10258,11/30/17,12/31/17,NBN Co,NBN A401,MW21322 - AYCA-4FHB4D - 2SHH-02 - 3 Bellbird Close Barrack Heights,NBN New Devs,"$3,289.75",,,,,,,,,,,,,,,,
LCC,Inv 10259,11/30/17,12/31/17,NBN Co,NBN A401,MW21006 - AYCA-49DNJ1 - Nowra BP & McDonalds - 1-  INTERNAL AND EXTERNAL,NBN New Devs,"$1,080.00",,,,,,,,,,,,,,,,
Schokmans,Inv 2451,12/1/17,1/31/18,NBN Co,NBN A417,MW21244 - AYCA-4J7JTW - 2LIV-03 - Passefield St,NBN New Devs,"$3,120.05",,,,,,,,,,,,,,,,
Global Elite technologies   ,Inv 114,11/30/17,12/31/17,NBN Co,NBN A417,MW21426 - AYCA-3QAOV2 - 2PTH-05 - Meyer Timber NSW,NBN New Devs,"$1,331.80",,,,,,,,,,,,,,,,
Global Elite technologies   ,Inv 114,11/30/17,12/31/17,NBN Co,NBN A417,MW21293 - AYCA-4GNO0E - 2LIV-63 - Coopers Paddock - 1-  INTERNAL ,NBN New Devs,"$1,387.27",,,,,,,,,,,,,,,,
Global Elite technologies   ,Inv 114,11/30/17,12/31/17,NBN Co,NBN A417,MW21205 - AYCA-3349N6 - 2RIV-02 - The Maples - 2             ,NBN New Devs,$637.19,,,,,,,,,,,,,,,,
Global Elite technologies   ,Inv 114,11/30/17,12/31/17,NBN Co,NBN A417,MW21458 - AYCA-4DZEDU-2LID-07-Auburn Vista - 1 - EXTERNAL,NBN New Devs,$127.27,,,,,,,,,,,,,,,,
Global Elite technologies   ,Inv 114,11/30/17,12/31/17,NBN Co,NBN A401,MW20764 - 2BLK-12-07 - Lot 21 Western MTQY/2 Rudders/Unit 40 - 15 Valediction,NBN Brownfields,$890.91,,,,,,,,,,,,,,,,
Global Elite technologies   ,Inv 114,11/30/17,12/31/17,NBN Co,NBN A417,MW21281 - AYCA-3K4RCM - Marsden Park Tonzat Development - 2,NBN New Devs,"$1,145.45",,,,,,,,,,,,,,,,
Global Elite technologies   ,Inv 114,11/30/17,12/31/17,NBN Co,NBN A401,MW20154 - 2WLG-01 & 02 ,NBN Brownfields,$254.55,,,,,,,,,,,,,,,,
Global Elite technologies   ,Inv 114,11/30/17,12/31/17,NBN Co,NBN A417,MW21381 - AYCA-4B5X29 - 2LIV-03 - 209-213 Memorial Ave - 1- EXTERNAL,NBN New Devs,$804.09,,,,,,,,,,,,,,,,
Cumberland Council,Inv 67449,11/27/17,12/31/17,AARNet,AARNet,ICQ-459 IPT2506 NSW HEALTH AUBURN HOSPITAL  ,AARNet,"$5,039.50",,,,,,,,,,,,,,,,
KSJDA,Inv 17/1166,12/5/17,1/31/18,NBN Co,NBN A401,MW21311 - AYCA-4N13KQ - 2WAU-21 - 127 Cameron St,NBN New Devs,"$6,106.05",,,,,,,,,,,,,,,,
KSJDA,Inv 17/1167,12/5/17,1/31/18,NBN Co,NBN A401,MW21484 - AYCA-2CO7SU - 2ARM-04 - Brown - 1,NBN New Devs,"$3,247.52",,,,,,,,,,,,,,,,
Craig Comms,Inv 1803673,12/4/17,1/31/18,NBN Co,NBN A417,MW21104 - AYCA-3UHHF8-2LIV-12-25 Glenfield Road ,NBN New Devs,"$9,051.32",,,,,,,,,,,,,,,,
Craig Comms,Inv 1803724,1/8/18,2/28/18,NBN Co,NBN A417,"MW20648-2KEL-03 -AYCA-3BH4IQ - Lot A, 8 Merriville Road - 1",NBN New Devs,$700.30,,,,,,,,,,,,,,,,
KSJDA,Inv 18/1175,1/12/18,2/28/18,NBN Co,NBN A417,MW20843 - AYCA-4EIN5M - 2KCL-02 - 171 Casuarina Way Pty Ltd - 1- EXTERNAL,NBN New Devs,"$1,934.64",,,,,,,,,,,,,,,,
Schokmans,Inv 2451,12/1/17,1/31/18,NBN Co,NBN A417,MW21244 - AYCA-4J7JTW - 2LIV-03 - Passefield St,NBN New Devs,"$1,175.65",,,,,,,,,,,,,,,,
Schokmans,Inv 2452,12/1/17,1/31/18,NBN Co,NBN A417,MW21471 - AYCA-2T1HEY -2KIL-63 - RIDGE CENTRE - 1-E XTERNAL ,NBN New Devs,$656.68,,,,,,,,,,,,,,,,
Schokmans,Inv 2460,12/18/17,1/31/18,NBN Co,NBN A417,"MW21386 - 2PTH-05 - AYCA-3BBYF2 - 40-50 Union Rd, Penrith",NBN New Devs,"$1,126.02",,,,,,,,,,,,,,,,
Schokmans,Inv 2468,12/22/17,1/31/18,NBN Co,NBN A401,MW20777 - AYCA-46PUI1 -2HBD-21 - 724 Pittwater Rd Brookvale / Lakeview,NBN New Devs,"$1,612.32",,,,,,,,,,,,,,,,
Schokmans,Inv 2469,12/22/17,1/31/18,NBN Co,NBN A417,MW21505-AYCA-2AS459-2LID-05 -22-26 Ann Street Lidcombe,NBN New Devs,"$3,596.99",,,,,,,,,,,,,,,,
Schokmans,Inv 2470,12/22/17,1/31/18,NBN Co,NBN A417,"MW21540-2LIV-02- AYCA-3DOI9R 166/176-178 Terminus ST ,Liverpool ",NBN New Devs,"$1,325.00",,,,,,,,,,,,,,,,
Schokmans,Inv 2471,12/22/17,1/31/18,NBN Co,NBN A417,MW21384 - 2PEN-65  - AYCA-4LWMQ0 - 271 Dunmore Street - 1- EXTERNAL,NBN New Devs,"$3,121.35",,,,,,,,,,,,,,,,
Schokmans,Inv 2472,12/22/17,1/31/18,NBN Co,NBN A417,MW21026 - 2HOR-62 - AYCA-3TQB8K - MOUNT COLAH GARDENS - 2 - EXTERNAL,NBN New Devs,"$1,793.75",,,,,,,,,,,,,,,,
Schokmans,Inv 2473,12/22/17,1/31/18,NBN Co,NBN A417,MW21505-AYCA-2AS459-2LID-05 -22-26 Ann Street Lidcombe,NBN New Devs,"$5,715.64",,,,,,,,,,,,,,,,
Schokmans,Inv 2474,12/22/17,1/31/18,NBN Co,NBN A417,MW21120 - 2EDG-62 - AYCA-4GJD8J - 10 COURT ROAD - External,NBN New Devs,"$1,523.39",,,,,,,,,,,,,,,,
Schokmans,Inv 2475,12/22/17,1/31/18,NBN Co,NBN A417,MW21026 - 2HOR-62 - AYCA-3TQB8K - MOUNT COLAH GARDENS - 2 - EXTERNAL,NBN New Devs,"$1,126.02",,,,,,,,,,,,,,,,
Schokmans,Inv 2467,12/22/17,1/31/18,NBN Co,NBN A417,"MW21386 - 2PTH-05 - AYCA-3BBYF2 - 40-50 Union Rd, Penrith",NBN New Devs,"$1,495.75",,,,,,,,,,,,,,,,
Craig Comms,Inv 1803726,1/11/18,2/28/18,NBN Co,NBN A417,"MW20686 - AYCA-1RBL6L - The North Village , Kellyville - 1",NBN New Devs,"$2,486.86",,,,,,,,,,,,,,,,
Craig Comms,Inv 1803727,1/8/17,2/28/17,NBN Co,NBN A401,MW21072 - 2PKS-20 - AYCA-49I4SO - 72 Brolgan Road ,NBN New Devs,"$2,570.91",,,,,,,,,,,,,,,,
Cylas,Inv 1038,1/22/18,2/28/18,NBN Co,NBN A417,MW21373 - AYCA-4O5GBC -  2WET-65 - 106 Chifley Street - Smithfield,NBN New Devs,"$3,516.25",,,,,,,,,,,,,,,,
Cylas,Inv 1039,1/22/18,2/28/18,NBN Co,NBN A417,MW21369 - AYCA-4EEPL6 - Rosebery Park - EXTERNAL,NBN New Devs,"$2,427.26",,,,,,,,,,,,,,,,
Cylas,Inv 1040,1/22/18,2/28/18,NBN Co,NBN A417,MW21056 - AYCA-4BYB3Q -33 Dunning Ave - 1- EXTERNAL,NBN New Devs,$568.95,,,,,,,,,,,,,,,,
Cylas,Inv 1041,1/22/18,2/28/18,NBN Co,NBN A417,MW21651-AYCA-21BAAK-2BAN-64-Stacey Apartments - 1,NBN New Devs,"$2,064.79",,,,,,,,,,,,,,,,
Cylas,Inv 1042,1/30/18,2/28/18,NBN Co,NBN A417,MW21551 - AYCA-4EN7KA - 2KNS-04 - Lewis & Co - 1,NBN New Devs,"$4,913.27",,,,,,,,,,,,,,,,
Altus,Inv 138937,12/3/17,1/31/18,NBN Co,NBN A417,MW21006 - AYCA-49DNJ1 - Nowra BP & McDonalds - 1-  INTERNAL AND EXTERNAL,NBN New Devs,"$3,269.75",,,,,,,,,,,,,,,,
Pacific Utilities,Inv 0254,1/19/18,2/28/18,NBN Co,NBN A401,MW20495 - 2CBT-09 - MPS-01 - FTTN-FTTB Construction ,NBN Minor Works,"$2,315.00",,,,,,,,,,,,,,,,
Global Elite technologies   ,Inv 115,1/28/18,2/28/18,NBN Co,NBN A417,MW21381 - AYCA-4B5X29 - 2LIV-03 - 209-213 Memorial Ave - 1- EXTERNAL,NBN New Devs,$127.27,,,,,,,,,,,,,,,,
Global Elite technologies   ,Inv 115,1/28/18,2/28/18,NBN Co,NBN A401,MW21373 - AYCA-4O5GBC -  2WET-65 - 106 Chifley Street - Smithfield,NBN New Devs,"$1,258.23",,,,,,,,,,,,,,,,
Global Elite technologies   ,Inv 115,1/28/18,2/28/18,NBN Co,NBN A417,MW21552 - 2KNS-21 - AYCA-4SJ1RQ 18 Armstrong St West Wollongong NSW 2500 -EXTERNAL,NBN New Devs,"$1,075.44",,,,,,,,,,,,,,,,
Global Elite technologies   ,Inv 115,1/28/18,2/28/18,NBN Co,NBN A417,MW21539 - 2WLG-05 - AYCA-4SJ1RQ 18 Armstrong St West Wollongong NSW 2500 –INTERNAL,NBN New Devs,"$1,266.00",,,,,,,,,,,,,,,,
Global Elite technologies   ,Inv 115,1/28/18,2/28/18,NBN Co,NBN A417,"MW21591 - AYCA-3KWVLI - 2ROU-03 - 4 Curtis Road, Kellyville - 1",NBN New Devs,$648.00,,,,,,,,,,,,,,,,
Global Elite technologies   ,Inv 115,1/28/18,2/28/18,NBN Co,NBN A417,MW21611-AYCA-3K2CFZ -2CBT-05-Modco Boarding House 1,NBN New Devs,$798.75,,,,,,,,,,,,,,,,
Global Elite technologies   ,Inv 115,1/28/18,2/28/18,NBN Co,NBN A417,MW21425 - AYCA-2IQYU1 - 2LIV-04 - Macquaire St Development – 1-EXTERNAL,NBN New Devs,$363.64,,,,,,,,,,,,,,,,
Cylas,Inv 1051,2/27/18,3/31/18,NBN Co,NBN A417,MW20767 - AYCA-1PM9JB - 2GRA-64 - Merrylands Rd,NBN New Devs,"$5,093.82",,,,,,,,,,,,,,,,
Altus,Inv 146792,2/4/18,3/31/18,NBN Co,NBN A417,"MW20778 - AYCA-40UXV5 - 163 Parker St, South Penrith Ext",NBN New Devs,"$9,159.28",,,,,,,,,,,,,,,,
Altus,Inv 150049,2/25/18,3/31/18,NBN Co,NBN A417,"MW20778 - AYCA-40UXV5 - 163 Parker St, South Penrith Ext",NBN New Devs,"$8,268.39",,,,,,,,,,,,,,,,
Cylas,Inv 1052,1/31/18,2/28/18,NBN Co,NBN A417,MW21457 - 2NEW-63 - AYCA-4QLE5J - Ara on Park - 1 - EXTERNAL,NBN New Devs,"$2,603.91",,,,,,,,,,,,,,,,
Cylas,Inv 1053,1/31/18,2/28/18,NBN Co,NBN A401,MW21145 - AYCA-4KU6BE -OOMWI - 2WET-20 - Seniors Housing,NBN New Devs,"$1,316.57",,,,,,,,,,,,,,,,
Cylas,Inv 1054,1/31/18,2/28/18,NBN Co,NBN A417,MW21551 - AYCA-4EN7KA - 2KNS-04 - Lewis & Co - 1,NBN New Devs,"$5,539.68",,,,,,,,,,,,,,,,
Cylas,Inv 1055,1/31/18,2/28/18,NBN Co,NBN A417,MW21108 - 2NEW-03 - AYCA-4D6F80 - Casa - Terraces ,NBN New Devs,"$6,867.81",,,,,,,,,,,,,,,,
Cylas,Inv 1057,1/31/18,2/28/18,NBN Co,NBN A417,MW21056 - AYCA-4BYB3Q -33 Dunning Ave - 1- EXTERNAL,NBN New Devs,"$7,930.55",,,,,,,,,,,,,,,,
Cylas,Inv 1058,1/31/18,2/28/18,NBN Co,NBN A417,MW21067 - 2PTH-01 - AYCA-3VF189 - 293-295 Jamison – 1 EXTERNAL,NBN New Devs,$689.79,,,,,,,,,,,,,,,,
Cylas,Inv 1059,1/31/18,2/28/18,NBN Co,NBN A417,"MW21538 - 2PAR-63-AYCA-44DU8G 8-10 FRASER ST, WESTMEAD, NSW, 2145",NBN New Devs,"$1,359.64",,,,,,,,,,,,,,,,
Cylas,Inv 1060,2/27/18,3/31/18,NBN Co,NBN Assurance,"02470125 - Lot 1, 42 Oxley Drive, Bowral, NSW 2576 (ROBINWOOD COTTAGE)",NBN Assurance,"$2,952.60",,,,,,,,,,,,,,,,
Cylas,Inv 1062,1/31/18,2/28/18,NBN Co,NBN A401,MW21464 - 2NRN-03 - AYCA-4EAKM1-63 SGR - 1- EXTERNAL,NBN New Devs,"$2,292.46",,,,,,,,,,,,,,,,
Hunter West Civil & Data,Inv  0001,1/31/18,2/28/18,NBN Co,NBN A417,MW21570 - AYCA-1L7010  - 2LID-08 - Mixed Use Development - Tower A and B,NBN New Devs,"$4,673.01",,,,,,,,,,,,,,,,
Hunter West Civil & Data,Inv  0002,1/31/18,2/28/18,NBN Co,NBN A418,"MW21537 - AYCA-424B5V- 2LID-05- 9-13 GELIBOLU PARADE, AUBURN",NBN New Devs,"$2,088.05",,,,,,,,,,,,,,,,
Altus,Inv 151016,3/4/18,4/30/18,NBN Co,NBN A417,"MW20778 - AYCA-40UXV5 - 163 Parker St, South Penrith Ext",NBN New Devs,"$8,950.71",,,,,,,,,,,,,,,,
Craig Comms,Inv 1803795,2/23/18,3/31/18,NBN Co,NBN A401,"MW21456 - 2BLK-07-16, 51 Huntingwood Drive",NBN Minor Works,"$6,505.68",,,,,,,,,,,,,,,,
Hunter West Civil & Data,inv 0007,2/28/18,3/31/18,NBN Co,NBN A417,MW21639-AYCA-4SZLC6 -2PTH-02- William Younis - 1,NBN New Devs,$893.60,,,,,,,,,,,,,,,,
Hunter West Civil & Data,Inv 0006,2/28/18,3/31/18,NBN Co,NBN A401,MW21472 -  AYCA-4G5CSP - 2GRK-01 - 20 Stanley Street Wyongah,NBN New Devs,"$1,441.66",,,,,,,,,,,,,,,,
Hunter West Civil & Data,Inv 0005,2/28/18,3/31/18,NBN Co,NBN A401,"MW21473 - AYCA-3TNJ90-64 - 2ERN-03 - James Sea Drive, Green Point",NBN New Devs,"$1,254.18",,,,,,,,,,,,,,,,
Hunter West Civil & Data,Inv 0004,2/28/18,3/31/18,NBN Co,NBN A401,"MW21473 - AYCA-3TNJ90-64 - 2ERN-03 - James Sea Drive, Green Point",NBN New Devs,"$1,634.26",,,,,,,,,,,,,,,,
Hunter West Civil & Data,Inv 0003,2/28/18,3/31/18,NBN Co,NBN A417,MW21649- AYCA-1Y6XJM-2KIL-61-GORDON 2 – 1,NBN New Devs,"$2,015.96",,,,,,,,,,,,,,,,
Pacific Utilities,Inv 0284,3/14/18,4/30/18,NBN Co,NBN A401,"MW21456 - 2BLK-07-16, 51 Huntingwood Drive",NBN Minor Works,"$2,299.00",,,,,,,,,,,,,,,,
Friend Civil,Inv 1187,2/28/18,3/31/18,NBN Co,NBN A417,"MW21591 - AYCA-3KWVLI - 2ROU-03 - 4 Curtis Road, Kellyville - 1",NBN New Devs,"$6,420.00",,,,,,,,,,,,,,,,
Craig Comms,Inv 1803802,3/1/18,4/30/18,NBN Co,NBN A417,MW20843 - AYCA-4EIN5M - 2KCL-02 - 171 Casuarina Way Pty Ltd - 1- EXTERNAL,NBN New Devs,"$2,399.96",,,,,,,,,,,,,,,,
Cylas,Inv 1064,3/2/18,4/30/18,NBN Co,NBN A417,MW21652-AYCA-2ILOMV - 2ASH-05-INFINTY - 1,NBN New Devs,"$1,101.34",,,,,,,,,,,,,,,,
Cylas,Inv 1082,3/26/18,4/30/18,NBN Co,NBN A417,"MW21620- AYCA-4SM2C7 - 2LIV-03-60-62 Passefield Street, Liverpool",NBN New Devs,$459.60,,,,,,,,,,,,,,,,
Cylas,Inv 1065,3/2/18,4/30/18,NBN Co,NBN A417,MW21453 - AYCA-2RVC4H - 2LIV-04 - 100 Macquarie Street Liverpool - 1- EXTERNAL,NBN New Devs,"$2,645.01",,,,,,,,,,,,,,,,
Cylas,Inv 1081,3/26/18,4/30/18,NBN Co,NBN A417,MW21556  - AYCA-1XCONO -2NEW-22 - Ablin Erskineville Pty Ltd ,NBN New Devs,"$6,208.68",,,,,,,,,,,,,,,,
Cylas,Inv 1083,3/26/18,4/30/18,NBN Co,NBN A401,MW21493 - AYCA-3O0SC6 - 2PTH-02 - Hope Gardens - 1,NBN New Devs,"$5,244.89",,,,,,,,,,,,,,,,
Cylas,Inv 1084,3/26/18,4/30/18,NBN Co,NBN A417,"MW21835-AYCA-4MJ7W3-2WRO-63-201 Chapel St, Armidale",NBN New Devs,"$1,885.45",,,,,,,,,,,,,,,,
Cylas,Inv 1085,3/26/18,4/30/18,NBN Co,NBN A401,MW20507 - AYCA-2Y5DX4 - Bridgeland Investment,NBN New Devs,"$1,805.90",,,,,,,,,,,,,,,,
Cylas,Inv 1086,3/26/18,4/30/18,NBN Co,NBN A417,MW21651-AYCA-21BAAK-2BAN-64-Stacey Apartments - 1,NBN New Devs,"$9,192.97",,,,,,,,,,,,,,,,
Cylas,Inv 1087,3/26/18,4/30/18,NBN Co,NBN A401,"INC000007076078 - Lot 10, 15 Moles Street, Albion Park,",NBN Assurance,"$1,295.00",,,,,,,,,,,,,,,,
Cylas,Inv 1088,3/26/18,4/30/18,NBN Co,NBN A401,"INC000007228306 - 2 Lovelle St, Moss Vale, NSW",NBN Assurance,"$2,849.00",,,,,,,,,,,,,,,,
Cylas,Inv 1089,3/26/18,4/30/18,NBN Co,NBN A401,"INC000007302762- Lot 81, 70 Point St, Bulli",NBN Assurance,"$1,036.00",,,,,,,,,,,,,,,,
Cylas,Inv 1090,3/26/18,4/30/18,NBN Co,NBN A401,"INC000007271428 – Lot 12, 21 Sharwood Pl, Gerringong",NBN Assurance,"$2,849.00",,,,,,,,,,,,,,,,
Cylas,Inv 1095,3/28/18,4/30/18,NBN Co,NBN A417,MW21523 - 2EPP-62 - AYCA-20PHAM-20-28 CAMBRIDGE ST EPPING,NBN New Devs,"$4,395.14",,,,,,,,,,,,,,,,
Cylas,Inv 1094,3/28/18,4/30/18,NBN Co,NBN A417,"MW21919-AYCA-35Q2VE-2KEL-07-9 Fairway Drive, Kellyville",NBN New Devs,"$4,736.21",,,,,,,,,,,,,,,,
Global Elite technologies   ,Inv 116,3/26/18,4/30/18,NBN Co,NBN A417,"MW22072-AYCA-4YFIWK-2HOM-03-4 EXTER RD, HOMEBUSH WEST",NBN New Devs,"$1,639.63",,,,,,,,,,,,,,,,
Global Elite technologies   ,Inv 116,3/26/18,4/30/18,NBN Co,NBN A401,MW21271 - AYCA-45TAFX  - 2MRS-03-Cooranbong - 1,NBN New Devs,"$4,446.68",,,,,,,,,,,,,,,,
Global Elite technologies   ,Inv 116,3/26/18,4/30/18,NBN Co,NBN A401,"MW21642- AYCA-48KUSD-2NRN-10 - 79-85 TURNER ROAD, GREGORY HILLS",NBN New Devs,$676.50,,,,,,,,,,,,,,,,
Global Elite technologies   ,Inv 116,3/26/18,4/30/18,NBN Co,NBN A417,MW21947-AYCA-54T32P-2MIL-01-Ryan & Burrows Avenue,NBN New Devs,"$1,560.10",,,,,,,,,,,,,,,,
Global Elite technologies   ,Inv 116,3/26/18,4/30/18,NBN Co,NBN A401,MW21512 - AYCA-4IUR86 - 2NLT-09 - Clarendene - 1,NBN New Devs,$210.00,,,,,,,,,,,,,,,,
Global Elite technologies   ,Inv 116,3/26/18,4/30/18,NBN Co,NBN A401,"MW21473 - AYCA-3TNJ90-64 - 2ERN-03 - James Sea Drive, Green Point",NBN New Devs,$210.00,,,,,,,,,,,,,,,,
Global Elite technologies   ,Inv 116,3/26/18,4/30/18,NBN Co,NBN A401,MW21472 -  AYCA-4G5CSP - 2GRK-01 - 20 Stanley Street Wyongah,NBN New Devs,$210.00,,,,,,,,,,,,,,,,
Global Elite technologies   ,Inv 116,3/26/18,4/30/18,NBN Co,NBN A417,MW21178 - 2LID-06 - AYCA-32WJ4A - John St - 2 - INTERNAL,NBN New Devs,"$3,248.80",,,,,,,,,,,,,,,,
Global Elite technologies   ,Inv 116,3/26/18,4/30/18,NBN Co,NBN A417,MW21397 - AYCA-32WJ4A - 2LID-06 -  John St - 2- EXTERNAL,NBN New Devs,"$3,585.33",,,,,,,,,,,,,,,,
Cylas,Inv 1060,2/27/18,3/31/18,NBN Co,NBN Assurance,"INC000007044511 - Lot 857, 93 Leumeah Street, Sanctuary Point, NSW 2540",NBN Assurance,"$2,590.00",,,,,,,,,,,,,,,,
Wireless & Optical,Inv 0195,3/29/18,4/30/18,NBN Co,NBN Assurance,"INC000007403862 –  49 RACECOURSE RD, ORANGE",NBN Assurance,"$1,360.00",,,,,,,,,,,,,,,,
Cylas,Inv 1098,3/29/18,4/30/18,NBN Co,NBN A417,MW21556  - AYCA-1XCONO -2NEW-22 - Ablin Erskineville Pty Ltd ,NBN Assurance,"$3,743.08",,,,,,,,,,,,,,,,
KSJDA,Inv 18/1208,3/28/18,4/30/18,NBN Co,NBN A417,MW20843 - AYCA-4EIN5M - 2KCL-02 - 171 Casuarina Way Pty Ltd - 1- EXTERNAL,NBN Assurance,$903.00,,,,,,,,,,,,,,,,
Polite Enterprises,Inv 11892,4/3/18,5/31/18,NBN Co,NBN A401,MW21281 - AYCA-3K4RCM - Marsden Park Tonzat Development - 2,NBN New Devs,$320.00,,,,,,,,,,,,,,,,
Craig Comms,Inv 1803851,4/5/18,5/31/18,NBN Co,NBN A401,MW20495 - 2CBT-09 - MPS-01 - FTTN-FTTB Construction ,NBN Minor Works,"$6,779.90",,,,,,,,,,,,,,,,
Hills Council,Inv 988255,4/12/18,5/31/18,NBN Co,NBN A401,MW20682 - AYCA-3NDQ7T - 2ROU-04 - 67 Barry Street,NBN New Devs,"$4,410.54",,,,,,,,,,,,,,,,
Craig Comms,Inv 1803863,4/11/18,5/31/18,NBN Co,NBN A401,MW20627 - AYCA-40UYFT - 2PKE-06 - Berkeley ,NBN New Devs,"$2,095.98",,,,,,,,,,,,,,,,
Craig Comms,Inv 1803862,4/11/18,5/31/18,NBN Co,NBN A401,"MW20604 - AYCA-46I5YX - 878 Pacific Hwy, Lisarow",NBN New Devs,"$1,555.96",,,,,,,,,,,,,,,,
Craig Comms,Inv 1803861,4/11/18,5/31/18,NBN Co,NBN A417,"MW21921-AYCA-4MOKVP-2TAR-01-22 Elwell CL, Beresfield",NBN New Devs,"$5,178.10",,,,,,,,,,,,,,,,
Craig Comms,Inv 1803859,4/11/18,5/31/18,NBN Co,NBN A401,MW21484 - AYCA-2CO7SU - 2ARM-04 - Brown - 1,NBN New Devs,"$1,546.58",,,,,,,,,,,,,,,,
Comms Connect,Inv 10387,4/10/18,5/31/18,NBN Co,NBN A401,MW22034-AYCA-4DZ83F-2NLT-01-6 Callan Avenue Maryland ,NBN New Devs,"$3,013.08",,,,,,,,,,,,,,,,
Craig Comms,Inv 1803864,4/11/18,5/31/18,NBN Co,NBN A417,MW21092 - AYCA-1NGPGW - 2BRG-03Gledswood,NBN New Devs,"$5,068.58",,,,,,,,,,,,,,,,
Craig Comms,Inv 1803865,4/11/18,5/31/18,AARNet,AARNet,ICQ-315 IPT2073 WSU Parramatta Square Western Lead-in,AARNet,"$7,312.00",,,,,,,,,,,,,,,,
Daen Connect,Inv 1,4/10/18,5/31/18,NBN Co,NBN A401,MW20764 - 2BLK-12-07 - Lot 21 Western MTQY/2 Rudders/Unit 40 - 15 Valediction,NBN Minor Works,$546.48,,,,,,,,,,,,,,,,
Daen Connect,Inv 2,4/10/18,5/31/18,NBN Co,NBN A401,MW20764 - 2BLK-12-07 - Lot 21 Western MTQY/2 Rudders/Unit 40 - 15 Valediction,NBN Minor Works,$546.48,,,,,,,,,,,,,,,,
Craig Comms,Inv 1803868,4/16/18,5/31/18,NBN Co,NBN A417,MW20798 - AYCA-2LT5GF - Castlereagh Street - 1,NBN New Devs,$730.76,,,,,,,,,,,,,,,,
Comms Connect,Inv 10401,4/20/18,5/31/18,NBN Co,NBN A401,"MW22009-AYCA-4L6PEC-2OBA-20-Brooks close, Old Bar",NBN New Devs,"$2,323.30",,,,,,,,,,,,,,,,
Comms Connect,Inv 10388,4/11/18,5/31/18,NBN Co,NBN A417,"MW21921-AYCA-4MOKVP-2TAR-01-22 Elwell CL, Beresfield",NBN New Devs,"$6,199.82",,,,,,,,,,,,,,,,
Altus,Inv 158472,4/22/18,5/31/18,NBN Co,NBN A401,MW21532 - AYCA-4TBHNX - 2SHH-05 - NSB - 125 LAKE ENTRANCE - SURVEY,NBN New Devs,$682.92,,,,,,,,,,,,,,,,
Altus,Inv 157420,4/15/18,5/31/18,NBN Co,VPL New Devs,VPL New Devs - 2CAM-60-AYCA-4VCIKM,NBN New Devs,"$3,101.94",,,,,,,,,,,,,,,,
Cylas,Inv 1100,4/30/18,5/31/18,NBN Co,VPL New Devs,VPL New Devs - 2BUR-03-AYCA-2EBL4P,NBN New Devs,"$11,722.05",,,,,,,,,,,,,,,,
Cylas,Inv 1101,4/30/18,5/31/18,NBN Co,NBN A417,"MW21861-AYCA-4GPKZN-2RED-03-713-717 Elizabeth St, Waterloo",NBN New Devs,"$1,431.08",,,,,,,,,,,,,,,,
Cylas,Inv 1102,4/30/18,5/31/18,NBN Co,VPL New Devs,VPL New Devs - 2CAM-60-AYCA-4VCIKM,NBN New Devs,"$2,249.60",,,,,,,,,,,,,,,,
Cylas,Inv 1103,4/30/18,5/31/18,NBN Co,NBN A417,MW21724-AYCA-3TP6RP-2SIL-04-Majors Bay Mortlake Residential ,NBN New Devs,"$3,269.94",,,,,,,,,,,,,,,,
Cylas,Inv 1104,4/30/18,5/31/18,NBN Co,NBN A401,MW20507 - AYCA-2Y5DX4 - Bridgeland Investment,NBN New Devs,"$1,680.64",,,,,,,,,,,,,,,,
Cylas,Inv 1105,4/30/18,5/31/18,NBN Co,VPL New Devs,VPL New Devs - 2BUR-03-AYCA-2EBL4P,NBN New Devs,"$13,429.89",,,,,,,,,,,,,,,,
Cylas,Inv 1106,4/30/18,5/31/18,NBN Co,NBN A417,"MW21861-AYCA-4GPKZN-2RED-03-713-717 Elizabeth St, Waterloo",NBN New Devs,"$9,684.90",,,,,,,,,,,,,,,,
Cylas,Inv 1107,4/30/18,5/31/18,NBN Co,NBN A417,"MW21857-AYCA-442ZEA- 2PAR-63-2 Good st, Westmead",NBN New Devs,"$7,231.46",,,,,,,,,,,,,,,,
Cylas,Inv 1108,4/30/18,5/31/18,NBN Co,VPL New Devs,VPL New Devs - 2CAM-60-AYCA-4VCIKM,NBN New Devs,"$7,347.64",,,,,,,,,,,,,,,,
Cylas,Inv 1109,4/30/18,5/31/18,NBN Co,NBN A417,"MW21966-AYCA-52950S-2BUR-65-147 - 153 Liverpool Rd, Burwood",NBN New Devs,"$7,894.50",,,,,,,,,,,,,,,,
Cylas,Inv 1110,4/30/18,5/31/18,NBN Co,NBN A417,MW20116 - AYCA-3I8XUO - 2RDL-60 - Highgardens – 1- EXTERNAL,NBN New Devs,"$9,603.87",,,,,,,,,,,,,,,,
Cylas,Inv 1111,4/30/18,5/31/18,NBN Co,NBN A417,MW21652-AYCA-2ILOMV - 2ASH-05-INFINTY - 1,NBN New Devs,"$6,574.86",,,,,,,,,,,,,,,,
Cylas,Inv 1112,4/30/18,5/31/18,NBN Co,NBN A417,MW21881-AYCA-2YGB4Y-2BLK-01-EXTERNAL,NBN New Devs,"$2,156.54",,,,,,,,,,,,,,,,
Comms Connect,Inv 10441,4/30/18,5/31/18,NBN Co,NBN A401,MW22032-AYCA-4C48KZ-2MDG-01-4 Lewis Street Mudgee,NBN New Devs,"$3,773.27",,,,,,,,,,,,,,,,
Global Elite technologies   ,Inv 117,4/26/18,5/31/18,NBN Co,NBN A417,"MW21861-AYCA-4GPKZN-2RED-03-713-717 Elizabeth St, Waterloo",NBN New Devs,"$2,533.19",,,,,,,,,,,,,,,,
Global Elite technologies   ,Inv 117,4/26/18,5/31/18,NBN Co,NBN A417,"MW21967-AYCA-4UKN6A-2WET-65-727 The Horsley Dr, Smithfield",NBN New Devs,$613.94,,,,,,,,,,,,,,,,
Global Elite technologies   ,Inv 117,4/26/18,5/31/18,NBN Co,NBN A417,"MW22017-AYCA-413V2N-2HOM-03-16 - 20 Smallwood Ave, Homebush",NBN New Devs,"$4,066.58",,,,,,,,,,,,,,,,
Global Elite technologies   ,Inv 117,4/26/18,5/31/18,NBN Co,NBN A401,"MW21473 - AYCA-3TNJ90-64 - 2ERN-03 - James Sea Drive, Green Point",NBN New Devs,"$2,785.85",,,,,,,,,,,,,,,,
Hunter West Civil & Data,Inv 0008,5/3/18,6/30/18,NBN Co,NBN A401,MW21756-AYCA-3K4RCM-2RIV-03-Marsden Park Tonzat Development - 2,NBN New Devs,"$9,927.23",,,,,,,,,,,,,,,,
Hunter West Civil & Data,Inv 0009,5/3/18,6/30/18,NBN Co,NBN A417,MW21704 - AYCA-4RDSRL - 2BLK-12-bedford gardens - 1,NBN New Devs,"$1,294.92",,,,,,,,,,,,,,,,
Hunter West Civil & Data,Inv 0010,5/3/18,6/30/18,NBN Co,NBN A417,"MW21637-AYCA-4OHMS3 - 2BLK-07 -35 Holbeche road, Arndell Park - EXT",NBN New Devs,$703.20,,,,,,,,,,,,,,,,
Nintey Nine Group,Inv 553,5/12/18,5/26/18,NBN Co,NBN Project Fusion,2MON-25 Validation and GIS Services,NBN Project Fusion,"$9,760.00",,,,,,,,,,,,,,,,
Nintey Nine Group,Inv 552,4/29/18,5/13/18,NBN Co,NBN Project Fusion,2MIR-29 GIS Services,NBN Project Fusion,"$3,000.00",,,,,,,,,,,,,,,,
L&M Trenchless,Inv 4157A,5/15/18,6/30/18,NBN Co,NBN A401,MW22100 - AYCA-4QBUIV - 2KTB-02 -  NSB - Letitia St Katoomb,NBN New Devs,"$12,047.70",,,,,,,,,,,,,,,,
L&M Trenchless,Inv 4158A,5/15/18,6/30/18,NBN Co,NBN A401,MW22100 - AYCA-4QBUIV - 2KTB-02 -  NSB - Letitia St Katoomb,NBN New Devs,"$1,298.75",,,,,,,,,,,,,,,,
Altus,Inv 161363,5/13/18,6/30/18,NBN Co,VPL New Devs,VPL New Devs - 2PET-69-AYCA-3G34XT,NBN New Devs,"$1,954.03",,,,,,,,,,,,,,,,
Nintey Nine Group,Inv 554,5/18/18,6/1/18,NBN Co,NBN Project Fusion,2MIR-22 Validation and GIS Services,NBN Project Fusion,"$11,080.00",,,,,,,,,,,,,,,,
Comms Connect,Inv 10498,5/23/18,6/30/18,NBN Co,NBN A401,"MW22011-AYCA-4GRO21-2RTC-20-55 Kingston Parade, Heatherbae",NBN New Devs,"$5,405.07",,,,,,,,,,,,,,,,
Nintey Nine Group,Inv 556,5/24/18,6/7/18,NBN Co,NBN Project Fusion,"2MIR-26, Validation and GIS services",NBN Project Fusion,"$15,304.00",,,,,,,,,,,,,,,,
Comms Connect,Inv 10497,5/23/18,6/30/18,NBN Co,NBN A401,"MW22196 - AYCA-4VVND3 - 2ORG-01 - 258 CLERGATE RD, ORANGE",NBN New Devs,"$8,266.83",,,,,,,,,,,,,,,,
Qubicon,Inv 568,5/21/18,6/30/18,NBN Co,NBN A417,MW22366-AYCA-117I3H-2RIV-01-34 Station Street Schofields,NBN New Devs,"$4,548.67",,,,,,,,,,,,,,,,
Qubicon,Inv 569,5/21/18,6/30/18,NBN Co,NBN A401,MW22333 - AYCA-54SUCD - 2PKE-06 - Warehouse Pl Berkeley,NBN New Devs,"$1,960.00",,,,,,,,,,,,,,,,
Corrosion Control Engineering,Inv CNI13357,5/28/18,6/30/18,NBN Co,NBN A417,"MW21820-AYCA-4W4BKH-2HOM-02-38 Weeroona Rd, Strathfield EXT",NBN New Devs,"$1,720.00",,,,,,,,,,,,,,,,
Cylas,Inv 1115,5/30/18,6/30/18,NBN Co,NBN A417,MW22454-AYCA-2CVKCU-2ROT-60-60 Wallgrove Rd Easter Creek ,NBN New Devs,"$1,704.24",,,,,,,,,,,,,,,,
Cylas,Inv 1116,5/30/18,6/30/18,NBN Co,NBN A417,MW22366-AYCA-117I3H-2RIV-01-34 Station Street Schofields,NBN New Devs,"$4,902.82",,,,,,,,,,,,,,,,
Cylas,Inv 1117,5/30/18,6/30/18,NBN Co,NBN A417,"MW22022--AYCA-3TBATE-2PAR-6111 Hassall St, Paramatta",NBN New Devs,"$4,761.73",,,,,,,,,,,,,,,,
Cylas,Inv 1118,5/30/18,6/30/18,NBN Co,NBN A417,MW22265-AYCA-4R1HNT-2MIL-62-6-8 Facey Cres Lurnea ,NBN New Devs,"$4,761.20",,,,,,,,,,,,,,,,
Cylas,Inv 1119,5/30/18,6/30/18,NBN Co,NBN A417,"MW21970-AYCA-4YZGFK-2PEN-66-51 Boronia St, South Wentworthville",NBN New Devs,"$2,111.52",,,,,,,,,,,,,,,,
Cylas,Inv 1120,5/30/18,6/30/18,NBN Co,NBN A417,MW22366-AYCA-117I3H-2RIV-01-34 Station Street Schofields,NBN New Devs,"$1,875.06",,,,,,,,,,,,,,,,
Cylas,Inv 1121,5/30/18,6/30/18,NBN Co,NBN A417,MW22347-AYCA-4XTH50-2HOM-03-31-35 Smallwood Ave Homebush ,NBN New Devs,"$6,152.49",,,,,,,,,,,,,,,,
Cylas,Inv 1122,5/30/18,6/30/18,NBN Co,NBN A417,"MW22057 - AYCA-4EOA07-2MIR-24 - 298-300 Taren Point Rd, Caringbah",NBN New Devs,"$5,968.17",,,,,,,,,,,,,,,,
Cylas,Inv 1123,5/30/18,6/30/18,NBN Co,NBN A417,MW20917 - AYCA-3A485K -2LID-03 -  Lidbury Street Berala - 1 - EXTERNAL,NBN New Devs,"$3,925.55",,,,,,,,,,,,,,,,
Cylas,Inv 1124,5/30/18,6/30/18,NBN Co,NBN A417,"MW22091-AYCA-4MNF1P-2NRN-10-11 & 15 Holborn Circuit, Gregory Hills ",NBN New Devs,"$4,066.44",,,,,,,,,,,,,,,,
Cylas,Inv 1125,5/30/18,6/30/18,NBN Co,NBN A417,"MW22093-AYCA-4RGB2W-2EAS-62-111-139 Darlinghurst Rd, Potts Point",NBN New Devs,"$6,326.50",,,,,,,,,,,,,,,,
Cylas,Inv 1126,5/30/18,6/30/18,NBN Co,NBN A417,"MW21966-AYCA-52950S-2BUR-65-147 - 153 Liverpool Rd, Burwood",NBN New Devs,"$1,583.41",,,,,,,,,,,,,,,,
Cylas,Inv 1127,5/30/18,6/30/18,NBN Co,NBN A401,"MW22478 - AYCA-501QN5 - 2CAS-23 - 30 Pentonville Parade, Castle Hill ",NBN New Devs,"$1,826.69",,,,,,,,,,,,,,,,
Cylas,Inv 1128,5/30/18,6/30/18,NBN Co,NBN A417,MW20917 - AYCA-3A485K -2LID-03 -  Lidbury Street Berala - 1 - EXTERNAL,NBN New Devs,$726.33,,,,,,,,,,,,,,,,
Paramount Telecom,Inv 092,5/25/18,6/30/18,NBN Co,NBN A401,MW21097 - 2LIV-04 - AYCA-476RM9 - NSB - 87-91 Campbell St Build,NBN New Devs,$300.00,,,,,,,,,,,,,,,,
Paramount Telecom,Inv 092,5/25/18,6/30/18,NBN Co,NBN Minor Works,MW21456 - 2BLK-07-16 - 51 Huntingwood Drive,NBN Minor Works,$600.00,,,,,,,,,,,,,,,,
Cylas,Inv 1129,5/31/18,6/30/18,NBN Co,VPL New Devs,VPL New Devs - 2PET-69-AYCA-3G34XT,NBN New Devs,"$7,982.82",,,,,,,,,,,,,,,,
Cylas,Inv 1130,5/31/18,6/30/18,NBN Co,VPL New Devs,VPL New Devs 2PET-67-AYCA-4W7GEZ,NBN New Devs,"$18,732.73",,,,,,,,,,,,,,,,
Cylas,Inv 1131,5/31/18,6/30/18,NBN Co,NBN A417,MW22454-AYCA-2CVKCU-2ROT-60-60 Wallgrove Rd Easter Creek ,NBN New Devs,$657.18,,,,,,,,,,,,,,,,
Canterbury Concil,Inv 2048219,5/31/18,6/30/18,NBN Co,NBN A417,MW21651-AYCA-21BAAK-2BAN-64-Stacey Apartments - 1,NBN New Devs,"$1,051.00",,,,,,,,,,,,,,,,
Global Elite technologies   ,Inv 118,5/26/18,6/30/18,NBN Co,NBN A417,MW22223-AYCA-4S0RD5-2RIV-03-14 Argowan Rd Schofields,NBN New Devs,"$1,713.10",,,,,,,,,,,,,,,,
Global Elite technologies   ,Inv 118,5/26/18,6/30/18,NBN Co,NBN A417,MW22208-AYCA-4PWSOZ- 2KEL-07-1B Fairway Dr Kellyville,NBN New Devs,"$1,203.80",,,,,,,,,,,,,,,,
Global Elite technologies   ,Inv 118,5/26/18,6/30/18,NBN Co,VPL New Devs,VPL New Devs - 2NRN-05-AYCA-4B5K39,NBN New Devs,$443.04,,,,,,,,,,,,,,,,
Global Elite technologies   ,Inv 118,5/26/18,6/30/18,NBN Co,NBN A401,"MW22288-AYCA-4R7UP6-2MIL-04-40 Government Rd, Hinchinbrook",NBN New Devs,"$1,143.61",,,,,,,,,,,,,,,,
Global Elite technologies   ,Inv 118,5/26/18,6/30/18,NBN Co,NBN A417,"MW22260-AYCA-56YKSC-2CAM-02-38 Wonga St, Canterbury",NBN New Devs,"$1,225.45",,,,,,,,,,,,,,,,
Global Elite technologies   ,Inv 118,5/26/18,6/30/18,NBN Co,NBN A417,MW22258-AYCA-4BT0OX-2RIV-02-66 Schofields Road Schofields,NBN New Devs,$490.78,,,,,,,,,,,,,,,,
Global Elite technologies   ,Inv 118,5/26/18,6/30/18,NBN Co,NBN A417,MW22390-AYCA-4EE89M-2RIV-04-15 Boundary Rd Box Hill,NBN New Devs,$976.93,,,,,,,,,,,,,,,,
Qubicon,Inv 570,5/30/18,6/30/18,NBN Co,NBN A401,MW21390 - AYCA-4QG9AV - NSB - 33 Shoalhaven St Kiama Surevy & Build,NBN New Devs,"$1,120.00",,,,,,,,,,,,,,,,
Nintey Nine Group,Inv 557,6/5/18,6/19/18,NBN Co,NBN Project Fusion,"2BRI-20, Validation and GIS services",NBN Project Fusion,"$1,782.50",,,,,,,,,,,,,,,,
Nintey Nine Group,Inv 557,6/5/18,6/19/18,NBN Co,NBN Project Fusion,"2MAN-20, Validation and GIS services",NBN Project Fusion,"$4,926.50",,,,,,,,,,,,,,,,
Nintey Nine Group,Inv 557,6/5/18,6/19/18,NBN Co,NBN Project Fusion,"2WWA-20, Validation and GIS services",NBN Project Fusion,"$2,088.50",,,,,,,,,,,,,,,,
Nintey Nine Group,Inv 557,6/5/18,6/19/18,NBN Co,NBN Project Fusion,"2WLH-20, Validation and GIS services",NBN Project Fusion,"$2,547.50",,,,,,,,,,,,,,,,
Nintey Nine Group,Inv 558,6/6/18,6/20/18,NBN Co,NBN Project Fusion,"2MIR-25, Validation and GIS services",NBN Project Fusion,"$34,356.00",,,,,,,,,,,,,,,,
Altus,Inv 164447,6/3/18,7/31/18,NBN Co,NBN A417,MW22309-AYCA-3V5BM6-2DRU-61-197-199 Lyons Rd Drummoyne ,NBN New Devs,$285.00,,,,,,,,,,,,,,,,
Nintey Nine Group,Inv 559,6/12/18,6/26/18,NBN Co,NBN Project Fusion,"2NDS-01, Validation and GIS services",NBN Project Fusion,"$5,136.50",,,,,,,,,,,,,,,,
Nintey Nine Group,Inv 560,6/13/18,6/27/18,NBN Co,NBN Project Fusion,"2ERP-20, Validation and GIS services",NBN Project Fusion,"$9,452.00",,,,,,,,,,,,,,,,
Craig Comms,Inv 1803941,6/11/18,7/31/18,NBN Co,VPL New Devs,VPL New Devs 2PET-67-AYCA-4W7GEZ,NBN New Devs,"$8,902.38",,,,,,,,,,,,,,,,
Nintey Nine Group,Inv 561,6/17/18,7/1/18,NBN Co,NBN Project Fusion,"2CTH-20, Validation and GIS services",NBN Project Fusion,"$9,325.25",,,,,,,,,,,,,,,,
Comms Connect,Inv 10445,6/2/18,7/31/18,NBN Co,NBN A401,MW22477 - AYCA-4XVGZ8 -  2WYO-03 -140 Pacific Highway Tuggerah,NBN New Devs,"$2,459.07",,,,,,,,,,,,,,,,
Comms Connect,Inv/CR 10583,6/19/18,7/31/18,NBN Co,NBN A401,MW22477 - AYCA-4XVGZ8 -  2WYO-03 -140 Pacific Highway Tuggerah,NBN New Devs,-$100.80,,,,,,,,,,,,,,,,
Nintey Nine Group,Inv 564,6/21/18,7/5/18,NBN Co,NBN Project Fusion,"2POR-20, Validation and GIS services",NBN Project Fusion,"$1,467.50",,,,,,,,,,,,,,,,
Nintey Nine Group,Inv 563,6/21/18,7/5/18,NBN Co,NBN Project Fusion,"2LCT-20, Validation and GIS services",NBN Project Fusion,"$1,151.00",,,,,,,,,,,,,,,,
Nintey Nine Group,Inv 562,6/21/18,7/5/18,NBN Co,NBN Project Fusion,"2DRG-20, Validation and GIS services",NBN Project Fusion,"$10,256.50",,,,,,,,,,,,,,,,
Canterbury Concil,Inv 2048203,6/22/18,7/31/18,NBN Co,VPL New Devs,VPL New Devs - 2CAM-60-AYCA-4VCIKM,NBN New Devs,"$2,695.00",,,,,,,,,,,,,,,,
Craig Comms,Inv 1803957,6/22/18,7/31/18,NBN Co,VPL New Devs,VPL New Devs - 2PET-69-AYCA-3G34XT,NBN New Devs,"$12,873.26",,,,,,,,,,,,,,,,
Blacktown Council,PO 0460,,,NBN Co,NBN A417,"MW417R000098-AYCA-4TC0MT-2QUA-65-50 Farnham Rd, Quakers Hill",NBN New Devs,"$1,036.80",,,,,,,,,,,,,,,,
Nintey Nine Group,Inv 565,6/27/18,7/11/18,NBN Co,NBN Project Fusion,"2MIR-31, Validation and GIS services",NBN Project Fusion,"$12,840.00",,,,,,,,,,,,,,,,
Nintey Nine Group,Inv 566,6/27/18,7/11/18,NBN Co,NBN Project Fusion,"2SPW-20, Validation and GIS services",NBN Project Fusion,"$8,924.00",,,,,,,,,,,,,,,,
Nintey Nine Group,Inv 567,6/27/18,7/11/18,NBN Co,NBN Project Fusion,"2SPW-21, Validation and GIS services",NBN Project Fusion,"$7,472.00",,,,,,,,,,,,,,,,
Nintey Nine Group,Inv 568,6/27/18,7/11/18,NBN Co,NBN Project Fusion,"2MON-28, Validation and GIS services",NBN Project Fusion,"$13,060.00",,,,,,,,,,,,,,,,
Hills Council,Inv 1017189,6/28/18,7/31/18,NBN Co,NBN A417,MW21521-AYCA-1OHQX6 -2ROU-02-Lake Promenade - Building C- EXTERNAL,NBN New Devs,"$3,361.68",,,,,,,,,,,,,,,,
Cylas,Inv 1144,6/26/18,7/31/18,NBN Co,NBN A417,"MW21820-AYCA-4W4BKH-2HOM-02-38 Weeroona Rd, Strathfield Ext",NBN New Devs,$913.46,,,,,,,,,,,,,,,,
Cylas,Inv 1143,6/29/18,7/31/18,NBN Co,NBN A417,"MW417R000098-AYCA-4TC0MT-2QUA-65-50 Farnham Rd, Quakers Hill",NBN New Devs,"$7,873.12",,,,,,,,,,,,,,,,
Cylas,Inv 1145,6/29/18,7/31/18,NBN Co,NBN A417,MW22331-AYCA-3CFI3W-2EPP-05-120 Herring Road Marsfield,NBN New Devs,"$3,901.61",,,,,,,,,,,,,,,,
Cylas,Inv 1146,6/29/18,7/31/18,NBN Co,NBN A417,MW22279-AYCA-45Q6J5-2EPP-62-35 Oxford St Epping,NBN New Devs,"$4,453.75",,,,,,,,,,,,,,,,
Cylas,Inv 1147,6/29/18,7/31/18,NBN Co,NBN A417,MW22309-AYCA-3V5BM6-2DRU-61-197-199 Lyons Rd Drummoyne ,NBN New Devs,"$9,455.19",,,,,,,,,,,,,,,,
Cylas,Inv 1148,6/29/18,7/31/18,NBN Co,NBN A417,MW22526-AYCA-4T7JU2-2MIR-25-13 Dudley Avenue Caringbah South ,NBN New Devs,"$3,866.63",,,,,,,,,,,,,,,,
Cylas,Inv 1149,6/29/18,7/31/18,NBN Co,NBN A417,"MW22218 - AYCA-4JMOL9 - 2DRU-60 - 50-52 East St, Five Dock",NBN New Devs,"$3,140.46",,,,,,,,,,,,,,,,
Cylas,Inv 1150,6/29/18,7/31/18,NBN Co,NBN A417,MW22195 - AYCA-4SOX62-2LIV-03- 186 Moore St Liverpool,NBN New Devs,"$3,074.00",,,,,,,,,,,,,,,,
Cylas,Inv 1151,6/29/18,7/31/18,NBN Co,NBN A417,MW20888 - 2HOR-62 - AYCA-39AB50 -2HOR-62 -JAAN – 1,NBN New Devs,"$2,974.72",,,,,,,,,,,,,,,,
Cylas,Inv 1152,6/29/18,7/31/18,NBN Co,NBN A417,"MW417R000222-AYCA-4VFYJV-2BAN-64-27-37 Percy St, Bankstown",NBN New Devs,"$9,921.16",,,,,,,,,,,,,,,,
Cylas,Inv 1153,6/29/18,7/31/18,NBN Co,NBN A417,"MW417R000098-AYCA-4TC0MT-2QUA-65-50 Farnham Rd, Quakers Hill",NBN New Devs,"$8,652.34",,,,,,,,,,,,,,,,
Comms Connect,Inv 10622,6/28/18,7/31/18,NBN Co,NBN A401,"MW22336-AYCA-4MJKV1-2KMS-21-Lot 37 Springfields Drive, Greenhill",NBN New Devs,"$3,003.86",,,,,,,,,,,,,,,,
Comms Connect,inv 10615,6/28/18,7/31/18,NBN Co,NBN A417,MW22301-AYCA-541Y7O-2WAU-20-728-730 Beechwood,NBN New Devs,"$4,422.17",,,,,,,,,,,,,,,,
Michael Gale,Inv 116017,6/24/18,7/31/18,NBN Co,NBN A417,"MW417R000065- AYCA-59DV6W-2CRR-72-Nelson St, Fairfield",NBN New Devs,"$1,502.68",,,,,,,,,,,,,,,,
Michael Gale,Inv 116018,6/24/18,7/31/18,NBN Co,NBN A417,MW417R000124-AYCA-58BKNK-2RYD-66-2-6 Junction St Ryde,NBN New Devs,"$1,932.82",,,,,,,,,,,,,,,,
Michael Gale,Inv 116019,6/24/18,7/31/18,NBN Co,NBN A401,"MW417R000151-AYCA-4PBBAI-2RYD-01-6,8,10,12 Anderson Avenue Ryde ",NBN New Devs,"$2,229.52",,,,,,,,,,,,,,,,
LCC,Inv 10269,7/1/18,8/31/18,NBN Co,NBN A401,MW22420 - AYCA-4RFDRV - 2KIA-03 - 58 Old Saddleback Road Kiama,NBN New Devs,"$5,530.26",,,,,,,,,,,,,,,,
LCC,Inv 10268,7/1/18,8/31/18,NBN Co,NBN A401,MW22171-AYCA-54VFA3-2COR-02- 50 Squires Cres Coledale,NBN New Devs,"$2,366.54",,,,,,,,,,,,,,,,
Nintey Nine Group,Inv 569,7/2/18,7/16/18,NBN Co,NBN Project Fusion,"2MIR-24, Validation and GIS services",NBN Project Fusion,"$20,672.00",,,,,,,,,,,,,,,,
Global Elite technologies   ,Inv 119,6/26/18,7/31/18,NBN Co,NBN A417,MW21524 -  AYCA-47C97W-2BLK-01 -51 Kildare Rd Blacktown,NBN New Devs,"$1,221.19",,,,,,,,,,,,,,,,
Global Elite technologies   ,Inv 119,6/26/18,7/31/18,NBN Co,NBN A417,"MW417R000051-AYCA-55JW1J-2BOT-01-180 – 188 Maroubra Rd, Maroubra ",NBN New Devs,"$3,524.25",,,,,,,,,,,,,,,,
Global Elite technologies   ,Inv 119,6/26/18,7/31/18,NBN Co,NBN A417,MW22055-AYCA-52ZO0L-2LID-04-32 Norval St Auburn   INT,NBN New Devs,"$1,434.40",,,,,,,,,,,,,,,,
Global Elite technologies   ,Inv 119,6/26/18,7/31/18,NBN Co,NBN A417,MW417R000070-AYCA-52UC2N-2WRO-63-Beech Rd Casula ,NBN New Devs,"$7,183.72",,,,,,,,,,,,,,,,
Global Elite technologies   ,Inv 119,6/26/18,7/31/18,NBN Co,NBN A417,"MW22023-AYCA-48280D - 2RED-03 -  906 Bourke St, Zetland",NBN New Devs,"$1,285.00",,,,,,,,,,,,,,,,
Michael Gale,Inv 116105,5/14/18,6/30/18,NBN Co,NBN A417,MW22223-AYCA-4S0RD5-2RIV-03-14 Argowan Rd Schofields,NBN New Devs,"$1,443.94",,,,,,,,,,,,,,,,
Michael Gale,Inv 116105,5/14/18,6/30/18,NBN Co,NBN A417,"MW22314-AYCA-4A5XPU-2BLK-11-29 Norfolk Street, Blacktown",NBN New Devs,$306.40,,,,,,,,,,,,,,,,
Michael Gale,Inv 116105,5/14/18,6/30/18,NBN Co,NBN A417,"MW22091-AYCA-4MNF1P-2NRN-10-11 & 15 Holborn Circuit, Gregory Hills ",NBN New Devs,"$2,423.00",,,,,,,,,,,,,,,,
Marshall Directional Drilling,Inv 1718,7/4/18,8/31/18,NBN Co,NBN A401,AYCA‐52JYBU NBN Tech Choice 7 Buggy Crescent McKellar,NBN New Devs,"$5,714.37",,,,,,,,,,,,,,,,
Burwood Council,Inv 66128,7/6/18,8/31/18,NBN Co,NBN A417,MW22265-AYCA-4R1HNT-2MIL-62-6-8 Facey Cres Lurnea ,NBN New Devs,"$1,664.00",,,,,,,,,,,,,,,,
AusGrid,Inv 893 897 917,7/16/18,8/31/18,NBN Co,NBN A417,"MW21820-AYCA-4W4BKH-2HOM-02-38 Weeroona Rd, Strathfield Ext",NBN New Devs,$990.00,,,,,,,,,,,,,,,,
Marshall Directional Drilling,Inv 1721,7/11/18,8/31/18,NBN Co,NBN A401,"MW22350-AYCA-4VAQ8P-9SCU-07-11 Prevost Pl MacGregor, ACT ",NBN New Devs,"$7,339.16",,,,,,,,,,,,,,,,
Nintey Nine Group,Inv 571,7/11/18,7/25/18,NBN Co,NBN Project Fusion,"2SPW-28, Validation and GIS services",NBN Project Fusion,"$15,876.00",,,,,,,,,,,,,,,,
,,,,,,,,,,,,,,,,,,,,,,,,
,,,,,,,,,,,,,,,,,,,,,,,,
,,,,,,,,,,,,,,,,,,,,,,,,
,,,,,,,,,,,,,,,,,,,,,,,,
,,,,,,,,,,,,,,,,,,,,,,,,
,,,,,,,,,,,,,,,,,,,,,,,,
,,,,,,,,,,,,,,,,,,,,,,,,
,,,,,,,,,,,,,,,,,,,,,,,,
,,,,,,,,,,,,,,,,,,,,,,,,
,,,,,,,,,,,,,,,,,,,,,,,,
,,,,,,,,,,,,,,,,,,,,,,,,
,,,,,,,,,,,,,,,,,,,,,,,,
,,,,,,,,,,,,,,,,,,,,,,,,
,,,,,,,,,,,,,,,,,,,,,,,,
,,,,,,,,,,,,,,,,,,,,,,,,
,,,,,,,,,,,,,,,,,,,,,,,,
,,,,,,,,,,,,,,,,,,,,,,,,
,,,,,,,,,,,,,,,,,,,,,,,,
,,,,,,,,,,,,,,,,,,,,,,,,
,,,,,,,,,,,,,,,,,,,,,,,,
,,,,,,,,,,,,,,,,,,,,,,,,
,,,,,,,,,,,,,,,,,,,,,,,,
,,,,,,,,,,,,,,,,,,,,,,,,
,,,,,,,,,,,,,,,,,,,,,,,,
,,,,,,,,,,,,,,,,,,,,,,,,
,,,,,,,,,,,,,,,,,,,,,,,,
,,,,,,,,,,,,,,,,,,,,,,,,
,,,,,,,,,,,,,,,,,,,,,,,,
,,,,,,,,,,,,,,,,,,,,,,,,
,,,,,,,,,,,,,,,,,,,,,,,,
,,,,,,,,,,,,,,,,,,,,,,,,
,,,,,,,,,,,,,,,,,,,,,,,,
,,,,,,,,,,,,,,,,,,,,,,,,
,,,,,,,,,,,,,,,,,,,,,,,,
,,,,,,,,,,,,,,,,,,,,,,,,
,,,,,,,,,,,,,,,,,,,,,,,,
,,,,,,,,,,,,,,,,,,,,,,,,
,,,,,,,,,,,,,,,,,,,,,,,,
,,,,,,,,,,,,,,,,,,,,,,,,
,,,,,,,,,,,,,,,,,,,,,,,,
,,,,,,,,,,,,,,,,,,,,,,,,
,,,,,,,,,,,,,,,,,,,,,,,,
,,,,,,,,,,,,,,,,,,,,,,,,
,,,,,,,,,,,,,,,,,,,,,,,,
,,,,,,,,,,,,,,,,,,,,,,,,
,,,,,,,,,,,,,,,,,,,,,,,,
,,,,,,,,,,,,,,,,,,,,,,,,
,,,,,,,,,,,,,,,,,,,,,,,,
,,,,,,,,,,,,,,,,,,,,,,,,
,,,,,,,,,,,,,,,,,,,,,,,,
,,,,,,,,,,,,,,,,,,,,,,,,
,,,,,,,,,,,,,,,,,,,,,,,,
,,,,,,,,,,,,,,,,,,,,,,,,
,,,,,,,,,,,,,,,,,,,,,,,,
,,,,,,,,,,,,,,,,,,,,,,,,
,,,,,,,,,,,,,,,,,,,,,,,,
,,,,,,,,,,,,,,,,,,,,,,,,
,,,,,,,,,,,,,,,,,,,,,,,,
,,,,,,,,,,,,,,,,,,,,,,,,
,,,,,,,,,,,,,,,,,,,,,,,,
,,,,,,,,,,,,,,,,,,,,,,,,
,,,,,,,,,,,,,,,,,,,,,,,,
,,,,,,,,,,,,,,,,,,,,,,,,
,,,,,,,,,,,,,,,,,,,,,,,,
,,,,,,,,,,,,,,,,,,,,,,,,
,,,,,,,,,,,,,,,,,,,,,,,,
,,,,,,,,,,,,,,,,,,,,,,,,
,,,,,,,,,,,,,,,,,,,,,,,,
,,,,,,,,,"$1,880.00",,,,,,,,,,,,,,,
,,,,,,,,,,,,,,,,,,,,,,,,
,,,,,,,,,,,,,,,,,,,,,,,,
,,,,,,,,,,,,,,,,,,,,,,,,
,,,,,,,,,,,,,,,,,,,,,,,,
,,,,,,,,,,,,,,,,,,,,,,,,
,,,,,,,,,,,,,,,,,,,,,,,,
,,,,,,,,,,,,,,,,,,,,,,,,
,,,,,,,,,,,,,,,,,,,,,,,,
,,,,,,,,,,,,,,,,,,,,,,,,
,,,,,,,,,,,,,,,,,,,,,,,,
,,,,,,,,,,,,,,,,,,,,,,,,
,,,,,,,,,,,,,,,,,,,,,,,,
,,,,,,,,,,,,,,,,,,,,,,,,
,,,,,,,,,,,,,,,,,,,,,,,,
,,,,,,,,,,,,,,,,,,,,,,,,
,,,,,,,,,,,,,,,,,,,,,,,,
,,,,,,,,,,,,,,,,,,,,,,,,
,,,,,,,,,,,,,,,,,,,,,,,,
,,,,,,,,,,,,,,,,,,,,,,,,
,,,,,,,,,,,,,,,,,,,,,,,,
,,,,,,,,,,,,,,,,,,,,,,,,
,,,,,,,,,,,,,,,,,,,,,,,,
,,,,,,,,,,,,,,,,,,,,,,,,
,,,,,,,,,,,,,,,,,,,,,,,,
,,,,,,,,,,,,,,,,,,,,,,,,
,,,,,,,,,,,,,,,,,,,,,,,,
,,,,,,,,,,,,,,,,,,,,,,,,
,,,,,,,,,,,,,,,,,,,,,,,,
,,,,,,,,,,,,,,,,,,,,,,,,
,,,,,,,,,,,,,,,,,,,,,,,,
,,,,,,,,,,,,,,,,,,,,,,,,
,,,,,,,,,,,,,,,,,,,,,,,,
,,,,,,,,,,,,,,,,,,,,,,,,
,,,,,,,,,,,,,,,,,,,,,,,,
,,,,,,,,,,,,,,,,,,,,,,,,
,,,,,,,,,,,,,,,,,,,,,,,,
,,,,,,,,,,,,,,,,,,,,,,,,
,,,,,,,,,,,,,,,,,,,,,,,,
,,,,,,,,,,,,,,,,,,,,,,,,
,,,,,,,,,,,,,,,,,,,,,,,,
,,,,,,,,,,,,,,,,,,,,,,,,
,,,,,,,,,,,,,,,,,,,,,,,,
,,,,,,,,,,,,,,,,,,,,,,,,
,,,,,,,,,,,,,,,,,,,,,,,,
,,,,,,,,,,,,,,,,,,,,,,,,
,,,,,,,,,,,,,,,,,,,,,,,,
,,,,,,,,,,,,,,,,,,,,,,,,
,,,,,,,,,,,,,,,,,,,,,,,,
,,,,,,,,,,,,,,,,,,,,,,,,
,,,,,,,,,missed payment from March 2015,,,,,,,,,,,,,,,
