,,,,,,,,,,
,,,,,,,,,,
,Row Labels,Sum of Total Revenue,,,,,Row Labels,Sum of Debit,,
,Jan-00,$640.70,,,,,NBN Greenfields - AYCA-1QR3ND Hillview Rise,"$6,108.91",,
,"INC000007115529 – UNIT 1 95 LURLINE ST, KATOOMBA",$512.56,,,,,DJC,"$5,973.70",,
,"INC000007194856 – 31 SUNBEAM AV, BLACKHEATH ",$128.14,,,,,DJC Internals,$135.21,,
,May-17,"$122,363.31",,,,,Revenue,,,
,MW20264 - 2NLB-02 - AYCA-32ARIB - Dowling St ,"$6,033.93",,,,,NBN Greenfields - AYCA-2B2DZQ - Greenview Parade ,$336.12,,
,2BLK-07  Huntingwood - Additional Variations,$766.97,,,,,DJC Internals,$336.12,,
,MW20386 - 2CBT-03 - AYCA-39MU9X - Macarthur Mazda,"$20,426.45",,,,,NBN Greenfields - AYCA-2CZWG0 - ARV Kingswood,"$6,284.56",,
,MW20475 - 2ROU-03 - AYCA-3HUY3N- 4 Wickham Blvd,"$10,233.06",,,,,DJC,"$5,626.58",,
,"MW20489 - AYCA-3ZU1PE - 89 Old Hume Highway, Camden","$3,116.85",,,,,DJC Internals,$657.99,,
,MW20552 - 2WYO-02 - AYCA-394Y1I - 13 Colonial St ,"$6,909.29",,,,,Revenue,,,
,MW20543 - AYCA-3SR1C6 - 1140 Pemberton St Albury,"$5,010.57",,,,,NBN Greenfields - AYCA‐2Q7AAG Land and Housing Penrith,"$3,122.87",,
,MW20554 - 2DAP-02 - AYCA-2DO5HN - MNJG 145,"$4,400.38",,,,,DJC,"$1,264.37",,
,MW20409 - AYCA-2ONMWX -  Brookwood Estate - 2,"$2,943.37",,,,,DJC Internals,"$1,858.50",,
,"MW20673 - 2BLK-11 - AYCA-3RN6QW - 19-21 Irelands Road, Blacktown","$1,134.27",,,,,Revenue,,,
,MW20660 - AYCA-45D358 NSB Albuera Close SITE SURVEY,"$2,760.00",,,,,NBN Greenfields - AYCA-32OIQA - Gracewood Kellyville ,"$4,288.33",,
,MW20749 - 2KEL-07 - AYCA-3R9JM5 - 31 Memorial Av,$465.57,,,,,DJC,"$3,430.42",,
,MW20187 - 2CBT-01-14_10 & 2CBT-04-14,"$39,403.65",,,,,DJC Internals,$857.91,,
,MW20680 - 2BLK-02/07 - MPS-032 & MPS-010,"$18,758.95",,,,,Revenue,,,
,(blank),"$2,038,789.30",,,,,"NBN Greenfields - AYCA-32OUIO - 5-7 Wonga Street, Canterbury","$1,326.69",,
,(blank),"$2,016,887.66",,,,,DJC Internals,"$1,326.69",,
,"MW21456 - 2BLK-07-16, 51 Huntingwood Drive","$21,901.64",,,,,Revenue,,,
,Jun-17,"$89,983.79",,,,,NBN Greenfields - AYCA-37LWLY - Backhouse Street,"$7,574.34",,
,"MW20367 - 2NRN-03 - AYCA-3H6ZBG - 61 Smeaton Grange Rd,","$9,077.23",,,,,DJC Internals,"$2,892.29",,
,"MW20385 - AYCA-38OMCL - 6 Hepher Rd, Campbelltown","$13,519.92",,,,,Revenue,"$4,682.05",,
,MW20442 - 2TGL-02 - AYCA-30RVNV - Rockpool – 1,"$9,569.99",,,,,NBN Greenfields - AYCA-3HNMNR - Uraga,"$1,649.60",,
,MW20493 - 2KNS-02 - AYCA-1BR2R4 - Link Apartments Zetland - 1,"$8,461.32",,,,,DJC Internals,"$1,649.60",,
,MW20477 - 2HOM-01 - AYCA-40BZFT - 51-55 Homebush Rd Strathfield,"$10,207.91",,,,,Revenue,,,
,MW20555 - AYCA-2Q8I3Y -  2ROU-03 - 16-20 Withers Road – 3 ,"$4,929.20",,,,,NBN Greenfields - AYCA-NGFYK-Wentworth Point LOT 9,"$2,123.70",,
,MW20532 - 2WYO-01 - AYCA-47OSBM - Pacific Business Centre,"$10,229.42",,,,,DJC,"$1,268.73",,
,MW20649 - 2RCH-03 - AYCA-2MLHJO - Macquarie Street Subdivision,$961.63,,,,,DJC Internals,$854.97,,
,MW20612 - AYCA-3NXX2P - 7 Cascade Circuit Albion Park,"$6,993.76",,,,,Revenue,,,
,MW20682 - AYCA-3NDQ7T - 2ROU-04 - 67 Barry Street ,$485.33,,,,,NBN Greenfields - AYCA-24O1QL - 85 Jamison Road ,"$2,529.02",,
,"MW20652 - AYCA-1CI2SU - Jenkins - East, West & South","$8,954.48",,,,,DJC ,"$2,529.02",,
,MW20699 - AYCA-3BSZ4M - 41 & 55 Rynan Ave,"$1,034.28",,,,,Revenue,,,
,MW20662 - 2KEL-08 - AYCA-42POJA - NSB - Memorial Ave Kelly Survey,"$2,100.00",,,,,Grand Total,"$35,344.15",,
,MW20661 - 2LIV-04 - AYCA-476RM9 - 87-91 Campbell St NSB Survey,"$2,100.00",,,,,,,,
,MW20679 - 2LJT-02 - MPS-012 - 3 Corella,"$1,359.32",,,,,,,,
,Feb-18,"$221,741.18",,,,,,,,
,MW20154 - 2WLG-01 & 02 ,"$34,300.34",,,,,,,,
,MW20767 - AYCA-1PM9JB - 2GRA-64 -  Merrylands Rd,"$15,395.84",,,,,,,,
,MW21054 - 2MAI-11 - AYCA-2NU9NV - Northwood Retirement Village - 1 - INTERNAL,$288.00,,,,,,,,
,MW21073 - 2WAG-05 AYCA-48HYBB - 89 Hammond Ave,"$8,778.79",,,,,,,,
,MW21385 - 2BLK-10 - AYCA-4A93XN - 43 Graham St - Doonside - 1,"$2,733.92",,,,,,,,
,MW20843 - 2KCL-02 - AYCA-4EIN5M - 171 Casuarina Way Pty Ltd – 1- EXTERNAL,"$6,337.84",,,,,,,,
,MW21289 -  2WAG-05 - AYCA-45YGSM - 138 Elizabeth Avenue Forest Hill,"$14,529.22",,,,,,,,
,MW21909 - AYCA-32NN4T -2MSV-05 -Blue Gum Rd Estate – 1,"$25,231.19",,,,,,,,
,"MW21380 - 2YON-01 - AYCA-4MRFUW - 1 Patterson Avenue, Young – 1","$15,192.95",,,,,,,,
,MW21521-2ROU-02-AYCA-1OHQX6 -Lake Promenade - Building C- EXTERNAL,"$12,745.04",,,,,,,,
,"MW21537-AYCA-424B5V- 2LID-05- 9-13 GELIBOLU PARADE, AUBURN","$5,563.66",,,,,,,,
,"MW21591 - AYCA-3KWVLI - 2ROU-03 - 4 Curtis Road, Kellyville - 1","$11,973.66",,,,,,,,
,"MW21506 - AYCA-4TCZPJ-2MIL-20-LOT 421 & 422, PROGRESS CIRCUIT","$3,069.50",,,,,,,,
,MW21639-AYCA-4SZLC6 -2PTH-02- William Younis - 1,"$2,505.86",,,,,,,,
,MW21408 - AYCA-4GCT7O - 2ROC-04 - Baxter International Hotel - 1 ,"$9,751.00",,,,,,,,
,MW21512 - 2NLT-09 - AYCA-4IUR86 -Clarendene - 1,"$10,804.11",,,,,,,,
,MW21551 - 2KNS-04 - AYCA-4EN7KA - Lewis & Co - 1,"$15,636.25",,,,,,,,
,MW21703 - AYCA-41SAXG - 2MIL-04 - Stage 2 Lagana,"$1,404.18",,,,,,,,
,MW21583 - AYCA-497W67- 9BLC-04- Hillside Villas Block,"$6,237.77",,,,,,,,
,MW21507 - AYCA-4Q1LKQ - 2WAG-05 - The Mill Commercial Development - 1,"$10,338.38",,,,,,,,
,"INC000006813370 – UNIT 1 15 DALGETTY ST, NARRANDERA ","$1,197.64",,,,,,,,
,"INC000007052036 – 29 Grosvenor St, Narrandera",$512.57,,,,,,,,
,"INC000007238836 - Lot 4, 100 Beach Rd, Batemans Bay, NSW",$128.14,,,,,,,,
,"INC000007003327 – UNIT 4 14 WEWAK ST, ASHMONT ",$256.29,,,,,,,,
,"INC000007272347 – 21 APEX AV, MOUNT VICTORIA",$768.86,,,,,,,,
,"INC000007034536 - Unit 129, 2 Windjana Street, Harrison, ACT","$1,153.29",,,,,,,,
,"INC000007203040 – 6 EDWARDS ST, KATOOMBA ",$640.71,,,,,,,,
,"INC000007130519 – 17 APEX AV, MOUNT VICTORIA",$320.36,,,,,,,,
,"INC000007193370 – 2-4 GORDON RD, LEURA",$320.36,,,,,,,,
,"02470125 - Lot 1, 42 Oxley Drive, Bowral, NSW 2576 (ROBINWOOD COTTAGE)","$3,625.46",,,,,,,,
,Sep-17,"$183,054.79",,,,,,,,
,MW20311 - 2LIV-04 - Liverpool various sites,"$1,505.23",,,,,,,,
,MW20798 - AYCA-2LT5GF - Castlereagh Street - 1,"$15,871.58",,,,,,,,
,MW20727 - 2NRN-10 - AYCA-3UYW26 - P150 - Internals,"$1,120.00",,,,,,,,
,"MW20765 - 2HOR-63 - AYCA-2ZE1AV - 1 & 1A Cowan Road, Mount Colah - Killara ","$4,672.35",,,,,,,,
,MW20817 - 2LIV-12 - 2QUA – 02- 2PTH-02 - Glenfield_Margo_Jamison,"$3,982.23",,,,,,,,
,MW20705 - AYCA-3QCL7A - 48 Arnold Avenue Kellyville,"$2,090.71",,,,,,,,
,MW20966 - 2BLK-11 - AYCA-3W8LJB - 42-44 Norfolk St,"$8,107.40",,,,,,,,
,"MW20806 - 2EPS-61 -AYCA-42J4C9– 54 Tyrone Place, Erskine Park - Loscam","$9,590.40",,,,,,,,
,MW20736 - 2GOS-01-04 - 3-7 Wharf-East Gosford Public School-Unit 3 354 Mann.,"$3,984.86",,,,,,,,
,MW21016 - AYCA-3UESPG -9CRC-06 -IVAR Villas Externals,"$5,992.76",,,,,,,,
,MW21016 - AYCA-3UESPG -9CRC-06 -IVAR Villas Internals,"$10,627.34",,,,,,,,
,MW20844 - 2TAH-02 - AYCA-3YUT4L - Brundah Road - 1,"$15,478.34",,,,,,,,
,MW21021 - 2MGO-20 -AYCA-45UVAF - Non Standard Builds - 15 Baldi ,"$23,218.05",,,,,,,,
,MW21065 - AYCA-3JKNRK -2ROU-02 -15-19 Hillview - 2B,$665.54,,,,,,,,
,MW21095 - AYCA-4K6BDG - Melito Drive Internals,$560.00,,,,,,,,
,MW21085 - 2ROU-02 - AYCA-47PV52 - Non Standard Builds - 22-24 Barry Road ,"$17,686.01",,,,,,,,
,MW21095 - AYCA-4K6BDG - Melito Drive Externals,"$8,291.47",,,,,,,,
,MW21092 2BRG-03 AYCA-1NGPGW- Gledswood,"$13,426.10",,,,,,,,
,MW21223 - AYCA-2568YW - 25 29 Harbour St NBN - Harbour St,"$28,193.42",,,,,,,,
,MW21209 - AYCA-4K7VB2 -2TWH-05 - River Views – 1,"$6,516.00",,,,,,,,
,"2RIV-02-AYCA-1XO4MJ,  Hub install for Craig Comms","$1,475.00",,,,,,,,
,Aug-17,"$158,329.46",,,,,,,,
,MW20425 - 2WLG - MPS-062-144-191-190-197-241 & 2WLG-08 ,"$8,027.19",,,,,,,,
,MW20491 - AYCA-3W8T05 - 2PAR-60 - Amos St ,"$3,449.71",,,,,,,,
,MW20615 - AYCA-3ZMQUE - Grove Family Trust - 1,"$3,408.92",,,,,,,,
,MW20628 - AYCA-32PR0X - 2ROU-03 - 21 Hezlett Rd Kellyville 1,"$7,925.58",,,,,,,,
,ICQ-459 NSW Health Auburn Hospital,"$23,006.15",,,,,,,,
,"MW20604 - AYCA-46I5YX - 878 Pacific Hwy, Lisarow","$9,071.06",,,,,,,,
,MW20786 - 2LIV-03 - AYCA-47DIBW - Dale Development – 1,"$3,787.60",,,,,,,,
,MW20801 - 2RCH-05- AYCA-35BURW - 503-505 Londonderry Road ,"$4,065.89",,,,,,,,
,"MW20897 - AYCA-3UMID0 - 2BLK-01 - 25 ALLAWAH ST, BLACKTOWN",$558.04,,,,,,,,
,MW20875 - ACYA-3W8TJD - 31-33 Irelands Road Blacktown ,"$3,932.06",,,,,,,,
,MW20828 - 2WLG-07 - MPS-889 - 438 Crown Street Wollongong.,"$6,272.99",,,,,,,,
,MW20821 - AYCA-45D358 NSB Albuera Close -  BUILD,"$7,996.13",,,,,,,,
,MW20927 - 2ASH-61 - AYCA-482KZM - Lionsgate Projects – 1,"$6,113.71",,,,,,,,
,MW20894 - 2KEL-08 - AYCA-42POJA - Non Standard Builds - Memorial Ave Kelly Build,"$10,471.54",,,,,,,,
,MW20946 - 2OBA-20 - AYCA-4DWSZZ-  81 Albatross Way - NSB - SURVEY,"$1,430.00",,,,,,,,
,MW20983 - 2RYD-01 - AYCA-2ZD7NM - 86-94 Blaxland Rd ,"$5,183.52",,,,,,,,
,MW21052 - 2MAI-11 - AYCA-3OLAP3-WA Brown INTERNAL,"$8,991.90",,,,,,,,
,MW21062 - 2REV-20  - AYCA-4IDMPC- 9 Fitzpatrick St - 1,"$4,559.36",,,,,,,,
,MW21034 - 2LIV-04 - AYCA-2XM8XA - Castlereagh Projects PTY LTD - 1- EXTERNAL,"$1,095.05",,,,,,,,
,MW20941 - 2KEL-01 - AYCA-2KQ04J -112 Hambledon,"$2,812.10",,,,,,,,
,MW21024 - AYCA-4JN54Z - 2NRN-05 - Elderslie - TH5,"$2,259.38",,,,,,,,
,"MW20797 - SOPR MWI  - 2RYD-03 - AYCA-1SUDYS – 15 Porter Street, Ryde - La Pearl - 1","$2,374.96",,,,,,,,
,MW20949 - 2MAI-06 - AYCA-4F1FWW_AYCA-4GRO21 - NSB 13 Vantage 55 Kingston,"$1,905.50",,,,,,,,
,MW20729 - COR-04 - AYCA-4D6AY6 - 94 POPES RD,"$23,551.72",,,,,,,,
,MW20858 - 2ROU-03 - AYCA-3R9WD2 - 2 Foxall Rd,$254.28,,,,,,,,
,MW20728 - 2NRN-10 - AYCA-3UYW26 - P150 – Externals,"$5,825.12",,,,,,,,
,Jul-17,"$159,688.90",,,,,,,,
,"MW20441 - AYCA-3KSRGR - Norberta St, The Entrance - 1","$8,685.35",,,,,,,,
,MW20318 - AYCA-35AM2J - NENSW0608 - Yarrandale Road,"$25,019.77",,,,,,,,
,MW20620 - 2EPP-05 - AYCA-3071BP - Macquarie Park Village - 2 ,"$1,535.10",,,,,,,,
,MW20644 - AYCA-35B3X9 -  Renocorp Australia Pty Ltd - 1,"$4,979.10",,,,,,,,
,MW20758 -  AYCA-3ETV2Y - 2BAN-64 - 21-25 Leonard Street - 1,"$8,551.88",,,,,,,,
,MW20585 - AYCA-3KUUY6 - 2WOY-09 - Brittwood ,"$19,912.22",,,,,,,,
,MW20613 - AYCA-3CGK8N - Tulkaba View – 1,"$3,471.50",,,,,,,,
,"MW20648-2KEL-03 -AYCA-3BH4IQ - Lot A, 8 Merriville Road - 1","$3,479.40",,,,,,,,
,MW20669 - AYCA-47X9GS - Mackenzie Residences - Strathfield - 1 ,"$2,460.47",,,,,,,,
,"MW20686 - AYCA-1RBL6L - The North Village , Kellyville - 1","$9,099.61",,,,,,,,
,MW20667 - AYCA-41NF6X - Non Standard Builds - Miller St    BUILD,"$13,306.27",,,,,,,,
,"MW20725 - AYCA-3I8QKP - 6-8 Biara Street, Bargo – 11","$5,508.21",,,,,,,,
,MW20791 - 2RIV-01 - AYCA-3W8B3W - 43 Church St - 1,"$1,493.41",,,,,,,,
,"MW20719 - AYCA-3RWSQB - 26 Kalinya Close, Cameron Park – 1","$3,684.78",,,,,,,,
,MW20720 - AYCA-4BHWVV - Argyle Community Housing - 1 ,"$3,135.04",,,,,,,,
,MW20688 - AYCA-42LEI4 - MNR Investment Group Pty Ltd - 1 ,"$4,344.42",,,,,,,,
,MW20876 - SOPR MWI - 2RIV-02 - 34-36 Schofields - North Park - 10,$957.28,,,,,,,,
,MW20877 - 2RIV-02 - 34-36 Schofields - North Park  - 9,$514.97,,,,,,,,
,MW20882 - 2BLK-07 - AYCA-468EU5 - 299 Flushcombe - 1,$980.54,,,,,,,,
,MW20898 - 2MIL-01 -AYCA-45L86C-Non Standard Builds - Zulu Road – Build,"$1,138.70",,,,,,,,
,MW20730 - AYCA-3ZFK8V - 2NRN-10 - 11-19 Waler ,"$12,365.60",,,,,,,,
,MW20627 - AYCA-40UYFT - 2PKE-06 - Berkeley ,"$9,370.88",,,,,,,,
,MW20436 - AYCA-3B8YY0 - Warrana Place – 2,"$14,329.40",,,,,,,,
,"MW20814 - 2NLB-05  - AYCA-4E7Y0D - Albatross Ave and Cu, Survey","$1,365.00",,,,,,,,
,Oct-17,"$220,128.16",,,,,,,,
,ICQ-315 IPT2073 WSU Parramatta Square Western Lead-in,"$68,329.85",,,,,,,,
,MW20677 - AYCA-3ENYEX - Cleopatra St Blackheath,"$2,738.31",,,,,,,,
,"MW20812 - 2WLG-01 - 2LIV-04 - Crown, Kembla, Macquarie, George","$19,825.00",,,,,,,,
,MW20833 - 2RIV-02 - AYCA-334H1X - The Maples - 4,"$1,725.75",,,,,,,,
,MW20939 - 2PEN-64 - AYCA-2Y4BYB -344 GWH Wentworthville – 1- EXTERNAL,"$3,914.86",,,,,,,,
,MW20951   - 2ROU-03 - AYCA-486V6Q  - Non Standard Builds - McCarthy Street ,"$13,999.09",,,,,,,,
,MW21067 - 2PTH-01 - AYCA-3VF189 - 293-295 Jamison - 1,"$2,349.73",,,,,,,,
,MW21074 - 2ABN-01 - AYCA-461JCF - 8 Creole Road,"$6,235.29",,,,,,,,
,MW21250 - AYCA-4BEC9X-2LIV-68-The Birdwood,"$6,777.19",,,,,,,,
,MW21221 - 2CRO-01 - AYCA-1UEMOR - Shearwater Landing,$980.54,,,,,,,,
,MW21072 - 2PKS-20 - AYCA-49I4SO - 72 Brolgan Road ,"$9,170.67",,,,,,,,
,MW20905 - 2NLT-09 - AYCA-47ENGU - 16 WALL – 1,"$11,617.08",,,,,,,,
,MW21284 - 9DKI-07 - AYCA-3ZXA9V - 10 BAKEWELL ST -  COOMBS,"$21,131.11",,,,,,,,
,MW20865 - 2NWR-03 - AYCA-2K3SGD - Elian Crescent 1.,"$10,692.61",,,,,,,,
,MW21015 - AYCA-1Z6XAC -1-9 Florence Street & 19-23 Quinn Street ,"$35,475.03",,,,,,,,
,MW21032 - AYCA-4L57RB - 2MDG-01 -NSB - Bateman Ave Mudgee,"$1,760.00",,,,,,,,
,MW20106 - 2ROU-02 - AYCA-30C7IB - Hillview Rise - 6,"$1,063.49",,,,,,,,
,MW21430 - 2RIV-02 - AYCA-3347PM - The Maples - 3 ,$697.93,,,,,,,,
,MW21205 - 2RIV-02 - AYCA-3349N6 - Schofields Farm Road - The Maples 2,"$1,644.63",,,,,,,,
,Mar-18,"$214,955.03",,,,,,,,
,MW20495 - 2CBT-09 - MPS-01 - FTTN-FTTB Construction ,"$12,264.47",,,,,,,,
,MW20507 - AYCA-2Y5DX4 - Bridgeland Investment,"$6,265.77",,,,,,,,
,MW20698 - AYCA-1SQ3K5 - 189 Macquarie Street,"$1,056.78",,,,,,,,
,"MW20778 - AYCA-40UXV5 - 163 Parker St, South Penrith Ext","$1,571.26",,,,,,,,
,MW20888 - 2HOR-62 - AYCA-39AB50 -2HOR-62 -JAAN – 1,"$1,035.19",,,,,,,,
,MW21053 - 2MAI-04 - AYCA-38QQO3-Walka Grange - 8 - INTERNAL,"$5,760.00",,,,,,,,
,MW21178 - 2LID-06 - AYCA-32WJ4A - John St - 2 - INTERNAL,"$2,240.00",,,,,,,,
,MW21097 - 2LIV-04 - AYCA-476RM9 - NSB - 87-91 Campbell St Build,"$8,773.94",,,,,,,,
,MW21397 - AYCA-32WJ4A - 2LID-06 -  John St - 2- EXTERNAL,$847.00,,,,,,,,
,MW21325 - 2NRL-20 - AYCA-2QFUTJ - Camden Day Hospital - 1,"$2,322.69",,,,,,,,
,MW20917 - 2LID-03 - AYCA-3A485K - Lidbury Street Berala - 1 - EXTERNAL,$82.91,,,,,,,,
,MW21453 - 2LIV-04 - AYCA-2RVC4H - 100 Macquarie Street Liverpool - 1- EXTERNAL,"$20,312.55",,,,,,,,
,MW21395 - 2BTH-01 - AYCA-4LYVIU - Arndilly - 2,"$4,802.37",,,,,,,,
,MW21523 - 2EPP-62 - AYCA-20PHAM-20-28 CAMBRIDGE ST EPPING,"$1,252.59",,,,,,,,
,MW21524 -  AYCA-47C97W-2BLK-01 -51 Kildare Rd Blacktown,"$1,711.60",,,,,,,,
,MW21570 - AYCA-1L7010  - 2LID-08 - Mixed Use Development - Tower A and B,"$2,066.42",,,,,,,,
,MW21550-2HUR-65-AYCA-4SJ25V 121A Mulga Rd Oatley ,$560.00,,,,,,,,
,"MW21473 - AYCA-3TNJ90-64 - 2ERN-03 - James Sea Drive, Green Point","$5,531.99",,,,,,,,
,MW21472 - 2GRK-01 - AYCA-4G5CSP - 20 Stanley Street Wyongah,"$6,634.97",,,,,,,,
,"MW21637-AYCA-4OHMS3 - 2BLK-07 -35 Holbeche road, Arndell Park - 1","$1,586.44",,,,,,,,
,MW21649- AYCA-1Y6XJM-2KIL-61-GORDON 2 – 1,"$2,026.01",,,,,,,,
,"MW21620- AYCA-4SM2C7 - 2LIV-03-60-62 Passefield Street, Liverpool",$582.23,,,,,,,,
,MW21556  - AYCA-1XCONO -2NEW-22 - Ablin Erskineville Pty Ltd ,"$1,338.12",,,,,,,,
,"MW21642- AYCA-48KUSD-2NRN-10 - 79-85 TURNER ROAD, GREGORY HILLS","$2,107.06",,,,,,,,
,MW21651-AYCA-21BAAK-2BAN-64-Stacey Apartments - 1,"$2,761.16",,,,,,,,
,MW21705-AYCA-468RZY-2LID-04-23 RAILWAY PARADE - externals,$671.72,,,,,,,,
,MW21652-AYCA-2ILOMV - 2ASH-05-INFINTY - 1,"$1,516.81",,,,,,,,
,MW21699-AYCA-3E5O97-2ROU-03-Hancy - 1,"$3,447.12",,,,,,,,
,MW21704 - AYCA-4RDSRL - 2BLK-12-bedford gardens - 1,"$1,195.85",,,,,,,,
,MW21718-AYCA-4TB2X9- 2NRL-22-NSB - Wirrinya Pl Grasme,"$4,429.60",,,,,,,,
,MW21724-AYCA-3TP6RP-2SIL-04-Majors Bay Mortlake Residential ,"$5,248.59",,,,,,,,
,"MW21728-AYCA-4HTS7R-2RIV-03-875 RICHMOND RD, MARSDEN PARK",$731.99,,,,,,,,
,MW21756-AYCA-3K4RCM-2RIV-03-Marsden Park Tonzat Development - 2,"$21,847.48",,,,,,,,
,MW21638- AYCA-3NFID7-2PTH-04 - Tench Ave Jamisontown 1 ,"$2,209.46",,,,,,,,
,MW21791-2LID-04-AYCA-468RZY-23 Railway Parade - Internals,"$1,400.00",,,,,,,,
,MW21271  -AYCA-45TAFX  - 2MRS-03-Cooranbong - 1,"$8,383.48",,,,,,,,
,"MW21821-2NRN-10-AYCA-52OMAH-18 Bluett Dr, Smeaton Grange","$7,704.13",,,,,,,,
,"2RIV-03 - Schofield Rd, Schofield NSW - Held Orders x 2_RFQ","$15,585.13",,,,,,,,
,"2RIV-03 - Schofield Rd, Schofield NSW - Held Orders x 4_RFQ","$36,173.66",,,,,,,,
,"INC000007103438 – 8 EASTVIEW AV, LEURA",$640.71,,,,,,,,
,MW21390 - AYCA-4QG9AV - NSB - 33 Shoalhaven St Kiama,"$1,919.00",,,,,,,,
,"INC000006963999 – LOT 24, 69 VICTORIA ST, KATOOMBA","$2,498.79",,,,,,,,
,"INC000007044511 - Lot 857, 93 Leumeah Street, Sanctuary Point, NSW 2540","$3,281.35",,,,,,,,
,"INC000007193370 – 2-4 GORDON RD, LEURA ",$320.36,,,,,,,,
,"INC000007112970 – 201 KATOOMBA ST, KATOOMBA",$256.28,,,,,,,,
,Nov-17,"$174,131.98",,,,,,,,
,MW20692 - AYCA-2HTGPP - Scalabrini Village Residential,"$10,173.88",,,,,,,,
,"MW20718 - 2LJT-04-07-08 Unit 2, 234 The Entrance Road","$13,823.63",,,,,,,,
,MW21108 - AYCA-4D6F80 - 2NEW-03 - CASA - Terraces - Estate,"$19,422.12",,,,,,,,
,MW21314 - 2BLK-10 - AYCA-4NCJ90 - Fine Property Group - 1- EXTERNAL,"$1,554.10",,,,,,,,
,MW21425 - 2LIV-04 - AYCA-2IQYU1 - Macquaire St Development – 1-EXTERNAL,"$4,331.39",,,,,,,,
,MW21426 - 2PTH-05 - AYCA-3QAOV2 - Meyer Timber NSW - 1-EXTERNAL and INTERNAL,"$2,092.35",,,,,,,,
,MW21080 - AYCA-2K262F - 2MSV-05 - Rochester Park - 1,"$7,077.48",,,,,,,,
,MW21400 - 2MTT-02 - AYCA-4JV9PM - Wattle St Colo Vale - 1,"$20,693.19",,,,,,,,
,MW21041 - 2OBA-20 - AYCA-4L6PEC - NSB - Old Bar Survey,"$1,430.00",,,,,,,,
,MW21452 - AYCA-4FFBGM - 2PIT-01 - The Oaks Development,"$9,735.55",,,,,,,,
,MW21458 - 2LID-07 - AYCA-4DZEDU-2LID-07-Auburn Vista - 1 - EXTERNAL,"$8,688.33",,,,,,,,
,MW21471 - 2KIL-63 - AYCA-2T1HEY -RIDGE CENTRE - 1-E XTERNAL ,"$4,868.09",,,,,,,,
,MW21483 - 2ASH-05  - AYCA-2Y1KQS - Charles Banks  1- EXTERNAL,"$14,206.68",,,,,,,,
,MW21484 - 2ARM-04 - AYCA-2CO7SU - Brown - 1,"$7,130.71",,,,,,,,
,MW21478-2MYF-02 - AYCA-4PIZ8V  -The Furnace - 1 – EXTERNAL    ,"$5,126.94",,,,,,,,
,MW21311 - 2WAU-21 - AYCA-4N13KQ - 127 Cameron St,"$8,488.50",,,,,,,,
,MW21516 - AYCA-4TB2X9 - NSB - Wirrinya Pl Grasmere - SURVEY,$800.00,,,,,,,,
,MW21123 - 2TAR -02 - AYCA-4LIG38 - Non Standard Builds Survey,"$1,670.00",,,,,,,,
,2DAL-23-MPS-003 FttB Build,"$12,629.08",,,,,,,,
,2DAL-23-MPS-004 FttB Build,"$8,851.28",,,,,,,,
,2DAL-24-MPS-008 FttB Build,"$11,338.68",,,,,,,,
,Dec-17,"$215,654.19",,,,,,,,
,MW20764 - 2BLK-12-07 - Lot 21 Western MTQY/2 Rudders/Unit 40 - 15 Valediction,"$39,299.64",,,,,,,,
,MW21026 - 2HOR-62 - AYCA-3TQB8K - MOUNT COLAH GARDENS - 2 - EXTERNAL,"$3,968.99",,,,,,,,
,MW21031 - 2KEL-07 -AYCA-36X4LO - 7 Fairway Drive,"$14,190.70",,,,,,,,
,MW21104 - AYCA-3UHHF8-2LIV-12-25 Glenfield Road ,"$22,887.65",,,,,,,,
,MW21120 - 2EDG-62 - AYCA-4GJD8J - 10 COURT ROAD - External,"$2,014.60",,,,,,,,
,MW21006 - 2NWR-02 - AYCA-49DNJ1 - Nowra BP & McDonalds - 1-  INTERNAL AND EXTERNAL,"$11,955.35",,,,,,,,
,MW21244 - AYCA-4J7JTW - 2LIV-03 - Passefield St,"$6,003.39",,,,,,,,
,MW21281 - AYCA-3K4RCM - 2RIV-03 - Marsden Park Tonzat Development - 2,"$1,960.00",,,,,,,,
,MW21293 - 2LIV-63 - AYCA-4GNO0E - Coopers Paddock - 1-  INTERNAL ,"$2,460.69",,,,,,,,
,MW21381 - 2LIV-03 - AYCA-4B5X29 - 209-213 Memorial Ave - 1- EXTERNAL,"$5,054.65",,,,,,,,
,MW20150 - 2BLK-06 - AYCA-3W8B2F - 6 Old Church Lane ,$514.97,,,,,,,,
,MW21145 - AYCA-4KU6BE -OOMWI - 2WET-20 - Seniors Housing,"$4,631.90",,,,,,,,
,MW21270 - 2BTH-01 - AYCA-47Y3BF - Arndilly,"$6,664.39",,,,,,,,
,MW21285 - 2MSV-04 - AYCA-496F3H - 8 Bendooley Street Bowral,"$15,319.76",,,,,,,,
,"MW21386 - AYCA-3BBYF2 - 2PTH-05 - 40-50 Union Rd, Penrith  EXTERNAL","$3,974.62",,,,,,,,
,MW21373 - 2WET-65 - AYCA-4O5GBC - 106 - 108 Chifley St - Smithfield - 1- EXTERNAL,"$15,322.22",,,,,,,,
,"MW21392 - 2MIL-20 - AYCA-4NGNW3 - LOT 421 & 422, 10-12 PROGRESS CIRCUIT","$2,044.50",,,,,,,,
,MW21322 - 2SHH-02 - AYCA-4FHB4D - 3 Bellbird Close Barrack Heights,"$10,126.73",,,,,,,,
,MW21416 - 2ORG-05 - AYCA-4H25NY - 12 Wakeford – 1,"$8,637.20",,,,,,,,
,MW21438 - 2ORG-01 - AYCA-4J2IIB - Majestic Way - 1,"$5,568.32",,,,,,,,
,MW21459 -  AYCA-4DWSZZ -2OBA-20 -NSB - 81 Albatross Way,"$13,975.96",,,,,,,,
,MW20076 - 2NWR-03 - AYCA-4SHR9U -2NWR-03 -Sequacious - 1,"$1,866.03",,,,,,,,
,MW21488 - 2ROU-03 - AYCA-4877L8 - Non Standard Builds - Windon Avenue,"$2,284.97",,,,,,,,
,MW21495 -AYCA-4UUWX6 - NSB - 13 Popes Rd Woonona - SURVEY ,"$1,350.00",,,,,,,,
,MW21505-AYCA-2AS459-2LID-05 -22-26 Ann Street Lidcombe,"$13,576.98",,,,,,,,
,Jan-18,"$178,246.91",,,,,,,,
,MW20777 - 2HBD-21 - AYCA-46PUI1 - 724 Pittwater Rd,"$5,919.71",,,,,,,,
,MW21056 - 2KNS-04 - AYCA-4BYB3Q -33 Dunning Ave - 1- EXTERNAL,"$16,804.63",,,,,,,,
,MW21153 - 2NRN-03 - AYCA-4EAKM1 - 63 SGR - 1 - INTERNAL,"$1,680.00",,,,,,,,
,MW21261 - AYCA-30PYA6 - 2MIL-01 - CEO St Francis College - 1,$280.00,,,,,,,,
,MW21324 - AYCA-4L3K9Q - 2GLB-01 - Kidd Crt - 1 ,"$2,188.67",,,,,,,,
,MW21369 - AYCA-4EEPL6 - 2KNS-03 - Rosebery Park - 3 ,"$8,554.09",,,,,,,,
,MW21384 - 2PEN-65  - AYCA-4LWMQ0 - 271 Dunmore Street - 1- EXTERNAL,"$5,186.67",,,,,,,,
,MW20115 - 2PTH-02 - AYCA-4OSDE9 - ONYX - 1- EXTERNAL,"$2,614.25",,,,,,,,
,MW21398 - 2MSV-03 - AYCA-3MIX48 - Sutherland Park Estate - 1,"$12,686.40",,,,,,,,
,MW21423 - 9QBN-03 - 16 Ellerton Drive Queanbeyan NSW,"$70,587.47",,,,,,,,
,MW21287 - AYCA-4BSSM6 - 2WAG-10 - 10 Fisher Place Lloyd,"$4,882.83",,,,,,,,
,MW21457 - AYCA-4QLE5J -2NEW-63 -Ara on Park - 1-EXTERNAL,"$8,727.17",,,,,,,,
,MW21467 - 9QBN-03- AYCA-4QEPB9- Ian & Cathy Darman - 1- EXTERNAL,"$3,609.62",,,,,,,,
,MW21464 - 2NRN-03 - AYCA-4EAKM1-63 SGR - 1- EXTERNAL,"$8,608.96",,,,,,,,
,MW21549-2LIV-03-AYCA-48U5AE-Flat Building - 1,"$5,169.83",,,,,,,,
,MW21539 - AYCA-4SJ1RQ - 2WLG-05 - 18 Armstrong St West Wollongong NSW 2500 -INTERNAL,"$3,019.73",,,,,,,,
,"MW21540-2LIV-02- AYCA-3DOI9R 166/176-178 Terminus ST ,Liverpool ","$5,209.19",,,,,,,,
,"MW21538-2PAR-63-AYCA-44DU8G 8-10 FRASER ST, WESTMEAD","$2,245.75",,,,,,,,
,MW21613-AYCA-4M07QT- 2CBT-06-12 Capertee St Ruse,"$1,120.00",,,,,,,,
,MW21611-AYCA-3K2CFZ -2CBT-05-Modco Boarding House 1,"$3,819.47",,,,,,,,
,MW21706 - AYCA-4IYJ4J -2PTH-02 - CRONIN EQUITY PTY LTD - 1,$485.33,,,,,,,,
,"MW21552 - AYCA-4SJ1RQ - 2KNS-21 - 18 Armstrong St West Wollongong, Externals","$1,967.14",,,,,,,,
,MW21328 - AYCA-40UXV5 - 2PTH-02 - 163 Parker St - South Penrith - 1-  INTERNAL,"$2,880.00",,,,,,,,
,Jun-18,"$1,559.83",,,,,,,,
,MW20116 - AYCA-3I8XUO - 2RDL-60 - Highgardens – 1- EXTERNAL,"$1,559.83",,,,,,,,
,Apr-18,"$48,868.40",,,,,,,,
,"MW21819-2BTH-02-AYCA-4KXY8F-1 Wark Parade, Windradyne","$1,240.76",,,,,,,,
,"MW21919-2KEL-07-AYCA-35Q2VE-9 Fairway Drive, Kellyville","$8,288.41",,,,,,,,
,"MW21884-2LIV-03- AYCA-47OO3O- 188-190 Moore st, Liverpool",$857.61,,,,,,,,
,"MW21876-2BLK-03 - AYCA-21PVTM - 5 Second Avenue, Blacktown",$592.62,,,,,,,,
,"MW21923 - AYCA-4AOOM9 - 2NRN-01 - 12 - 13 SPRINGS RD, SPRING FARM","$1,516.91",,,,,,,,
,"MW21820-AYCA-4W4BKH-2HOM-02-38 Weeroona Rd, Strathfield","$5,741.50",,,,,,,,
,"MW21857-AYCA-442ZEA- 2PAR-63-2 Good st, Westmead","$1,825.19",,,,,,,,
,"MW21921-AYCA-4MOKVP-2TAR-01-22 Elwell CL, Beresfield","$2,010.27",,,,,,,,
,MW21875 - AYCA-42N8QF-  2PEN-67- Macklin 38 ,$515.58,,,,,,,,
,"MW21946-2COR-04-AYCA-4XKUSR-13 Popes Rd, Woonona","$9,706.10",,,,,,,,
,"MW21827-2COR-09-AYCA-4O03IQ-17 Ryan Street, Balgownie","$1,924.61",,,,,,,,
,"MW21861-2RED-03-AYCA-4GPKZN-713-717 Elizabeth St, Waterloo","$1,568.02",,,,,,,,
,"MW21821-2NRN-10-AYCA-52OMAH-18 Bluett Dr, Smeaton Grange Int","$1,400.00",,,,,,,,
,MW21946-AYCA-4XKUSR-13 Popes Rd Woonona,"$9,706.10",,,,,,,,
,"MW21971 -AYCA-4X6TWU  2LID-08 - -43 - 47 Harrow Rd, Auburn",$279.01,,,,,,,,
,"MW21967-AYCA-4UKN6A-2WET-65-727 The Horsley Dr, Smithfield",$674.33,,,,,,,,
,"MW21970-2PEN-66-AYCA-4YZGFK-51 Boronia St, South Wentworthville","$1,021.38",,,,,,,,
,May-18,"$5,639.40",,,,,,,,
,MW21947-2MIL-01-AYCA-54T32P-Ryan & Burrows Avenue,"$3,241.78",,,,,,,,
,"MW21924-2ROU-33-AYCA-41E0L5-33 FOXALL RD, KELLYVILLE","$2,397.62",,,,,,,,
, ,,,,,,,,,
,(blank),,,,,,,,,
,Grand Total,"$4,033,775.33",,,,,,,,